"text","postUrl","replies/0/id","replies/0/likesCount","replies/0/owner/fbid_v2","replies/0/owner/full_name","replies/0/owner/has_onboarded_to_text_post_app","replies/0/owner/id","replies/0/owner/is_mentionable","replies/0/owner/is_private","replies/0/owner/is_verified","replies/0/owner/latest_reel_media","replies/0/owner/profile_pic_id","replies/0/owner/profile_pic_url","replies/0/owner/username","replies/0/ownerProfilePicUrl","replies/0/ownerUsername","replies/0/repliesCount","replies/0/text","replies/0/timestamp"
"Wow can you send me this creation.","https://www.instagram.com/p/DTab3bwgakC/",,,,,,,,,,,,,,,,,,
"Nice aiart can you send me 😍","https://www.instagram.com/p/DTab3bwgakC/",,,,,,,,,,,,,,,,,,
"💚💚","https://www.instagram.com/p/DN2n5uYwh6i/","18078413110768135","0","17841457314328797","BeData Technology Indonesia","false","57270382477","true","false","false","1769595712","3083453924167457880","https://scontent-iad3-1.cdninstagram.com/v/t51.2885-19/341533954_562034446018561_4145375926810957753_n.jpg?stp=dst-jpg_e0_s150x150_tt6&_nc_cat=101&ig_cache_key=GAJlWxQBqIHXKv8BALnXBTpxVYc5bkULAAAB1501500j-ccb7-5&ccb=7-5&_nc_sid=669407&efg=eyJ2ZW5jb2RlX3RhZyI6InByb2ZpbGVfcGljLnd3dy43NjMuQzMifQ%3D%3D&_nc_ohc=v_PFUab_yhAQ7kNvwH-MWX9&_nc_oc=AdmSjlSx1wMfqaKzRR6UlYLdj98wDDZB_u-_WoJwiN6Kj-9zRHKwHsx1OQiQQJkL7No&_nc_ad=z-m&_nc_cid=0&_nc_zt=24&_nc_ht=scontent-iad3-1.cdninstagram.com&oh=00_AfrlbMZUsxYfUfouqFqDNP_fV5Vx2kXfFR1xn-46LfewBw&oe=6980D195","bedata.id","https://scontent-iad3-1.cdninstagram.com/v/t51.2885-19/341533954_562034446018561_4145375926810957753_n.jpg?stp=dst-jpg_e0_s150x150_tt6&_nc_cat=101&ig_cache_key=GAJlWxQBqIHXKv8BALnXBTpxVYc5bkULAAAB1501500j-ccb7-5&ccb=7-5&_nc_sid=669407&efg=eyJ2ZW5jb2RlX3RhZyI6InByb2ZpbGVfcGljLnd3dy43NjMuQzMifQ%3D%3D&_nc_ohc=v_PFUab_yhAQ7kNvwH-MWX9&_nc_oc=AdmSjlSx1wMfqaKzRR6UlYLdj98wDDZB_u-_WoJwiN6Kj-9zRHKwHsx1OQiQQJkL7No&_nc_ad=z-m&_nc_cid=0&_nc_zt=24&_nc_ht=scontent-iad3-1.cdninstagram.com&oh=00_AfrlbMZUsxYfUfouqFqDNP_fV5Vx2kXfFR1xn-46LfewBw&oe=6980D195","bedata.id","0","@ichchaa.a ❤️❤️","2025-08-27T10:09:54.000Z"
"Keren keren bro 🔥 keep support","https://www.instagram.com/p/DN2n5uYwh6i/","17848785735544512","0","17841457314328797","BeData Technology Indonesia","false","57270382477","true","false","false","1769595712","3083453924167457880","https://scontent-iad3-1.cdninstagram.com/v/t51.2885-19/341533954_562034446018561_4145375926810957753_n.jpg?stp=dst-jpg_e0_s150x150_tt6&_nc_cat=101&ig_cache_key=GAJlWxQBqIHXKv8BALnXBTpxVYc5bkULAAAB1501500j-ccb7-5&ccb=7-5&_nc_sid=669407&efg=eyJ2ZW5jb2RlX3RhZyI6InByb2ZpbGVfcGljLnd3dy43NjMuQzMifQ%3D%3D&_nc_ohc=v_PFUab_yhAQ7kNvwH-MWX9&_nc_oc=AdmSjlSx1wMfqaKzRR6UlYLdj98wDDZB_u-_WoJwiN6Kj-9zRHKwHsx1OQiQQJkL7No&_nc_ad=z-m&_nc_cid=0&_nc_zt=24&_nc_ht=scontent-iad3-1.cdninstagram.com&oh=00_AfrlbMZUsxYfUfouqFqDNP_fV5Vx2kXfFR1xn-46LfewBw&oe=6980D195","bedata.id","https://scontent-iad3-1.cdninstagram.com/v/t51.2885-19/341533954_562034446018561_4145375926810957753_n.jpg?stp=dst-jpg_e0_s150x150_tt6&_nc_cat=101&ig_cache_key=GAJlWxQBqIHXKv8BALnXBTpxVYc5bkULAAAB1501500j-ccb7-5&ccb=7-5&_nc_sid=669407&efg=eyJ2ZW5jb2RlX3RhZyI6InByb2ZpbGVfcGljLnd3dy43NjMuQzMifQ%3D%3D&_nc_ohc=v_PFUab_yhAQ7kNvwH-MWX9&_nc_oc=AdmSjlSx1wMfqaKzRR6UlYLdj98wDDZB_u-_WoJwiN6Kj-9zRHKwHsx1OQiQQJkL7No&_nc_ad=z-m&_nc_cid=0&_nc_zt=24&_nc_ht=scontent-iad3-1.cdninstagram.com&oh=00_AfrlbMZUsxYfUfouqFqDNP_fV5Vx2kXfFR1xn-46LfewBw&oe=6980D195","bedata.id","0","@ibang.eth Terimakasih Pak Louiz 🙏☺️","2025-08-28T05:44:20.000Z"
"Sukses selalu.. Dan bermanfaat.. Aamiin","https://www.instagram.com/p/DN2n5uYwh6i/",,,,,,,,,,,,,,,,,,
"Math ❤️","https://www.instagram.com/p/DRMqOBIgfBR/",,,,,,,,,,,,,,,,,,
"KEREEEN POOLL BESTIEE🔥🔥","https://www.instagram.com/p/DPLz6eMAWkw/",,,,,,,,,,,,,,,,,,
"Keren kali lohh✨️✨️😍","https://www.instagram.com/p/DPLz6eMAWkw/",,,,,,,,,,,,,,,,,,
"Andalangggg iniiii🔥🙌","https://www.instagram.com/p/DPLz6eMAWkw/",,,,,,,,,,,,,,,,,,
"😍😍😍","https://www.instagram.com/p/DPLz6eMAWkw/",,,,,,,,,,,,,,,,,,
"🔥🔥🔥","https://www.instagram.com/p/DPLz6eMAWkw/",,,,,,,,,,,,,,,,,,
"👏👏","https://www.instagram.com/p/DPLz6eMAWkw/","18070254875517150","0","17841457314328797","BeData Technology Indonesia","false","57270382477","true","false","false","1769595712","3083453924167457880","https://scontent-sea1-1.cdninstagram.com/v/t51.2885-19/341533954_562034446018561_4145375926810957753_n.jpg?stp=dst-jpg_e0_s150x150_tt6&_nc_cat=101&ig_cache_key=GAJlWxQBqIHXKv8BALnXBTpxVYc5bkULAAAB1501500j-ccb7-5&ccb=7-5&_nc_sid=669407&efg=eyJ2ZW5jb2RlX3RhZyI6InByb2ZpbGVfcGljLnd3dy43NjMuQzMifQ%3D%3D&_nc_ohc=v_PFUab_yhAQ7kNvwEVl9gI&_nc_oc=AdklIBSCnkwzJX6EcDjVsfCWr_3zTDt6joPfduKya1fJkZKLDACs-HhV5s2rcDFn3sk&_nc_ad=z-m&_nc_cid=0&_nc_zt=24&_nc_ht=scontent-sea1-1.cdninstagram.com&oh=00_Afq75TYK7GUd1H2NUESDSOHd0q_-TasbZ8BMmzjtr30ufQ&oe=6980D195","bedata.id","https://scontent-sea1-1.cdninstagram.com/v/t51.2885-19/341533954_562034446018561_4145375926810957753_n.jpg?stp=dst-jpg_e0_s150x150_tt6&_nc_cat=101&ig_cache_key=GAJlWxQBqIHXKv8BALnXBTpxVYc5bkULAAAB1501500j-ccb7-5&ccb=7-5&_nc_sid=669407&efg=eyJ2ZW5jb2RlX3RhZyI6InByb2ZpbGVfcGljLnd3dy43NjMuQzMifQ%3D%3D&_nc_ohc=v_PFUab_yhAQ7kNvwEVl9gI&_nc_oc=AdklIBSCnkwzJX6EcDjVsfCWr_3zTDt6joPfduKya1fJkZKLDACs-HhV5s2rcDFn3sk&_nc_ad=z-m&_nc_cid=0&_nc_zt=24&_nc_ht=scontent-sea1-1.cdninstagram.com&oh=00_Afq75TYK7GUd1H2NUESDSOHd0q_-TasbZ8BMmzjtr30ufQ&oe=6980D195","bedata.id","0","@daffafaadihilah 🔥👏","2025-09-29T13:09:34.000Z"
"🔥🔥🔥#","https://www.instagram.com/p/DPLz6eMAWkw/",,,,,,,,,,,,,,,,,,
"keren kak ren😍👏🏻","https://www.instagram.com/p/DPLz6eMAWkw/","18102622420720851","0","17841457314328797","BeData Technology Indonesia","false","57270382477","true","false","false","1769595712","3083453924167457880","https://scontent-sea1-1.cdninstagram.com/v/t51.2885-19/341533954_562034446018561_4145375926810957753_n.jpg?stp=dst-jpg_e0_s150x150_tt6&_nc_cat=101&ig_cache_key=GAJlWxQBqIHXKv8BALnXBTpxVYc5bkULAAAB1501500j-ccb7-5&ccb=7-5&_nc_sid=669407&efg=eyJ2ZW5jb2RlX3RhZyI6InByb2ZpbGVfcGljLnd3dy43NjMuQzMifQ%3D%3D&_nc_ohc=v_PFUab_yhAQ7kNvwEVl9gI&_nc_oc=AdklIBSCnkwzJX6EcDjVsfCWr_3zTDt6joPfduKya1fJkZKLDACs-HhV5s2rcDFn3sk&_nc_ad=z-m&_nc_cid=0&_nc_zt=24&_nc_ht=scontent-sea1-1.cdninstagram.com&oh=00_Afq75TYK7GUd1H2NUESDSOHd0q_-TasbZ8BMmzjtr30ufQ&oe=6980D195","bedata.id","https://scontent-sea1-1.cdninstagram.com/v/t51.2885-19/341533954_562034446018561_4145375926810957753_n.jpg?stp=dst-jpg_e0_s150x150_tt6&_nc_cat=101&ig_cache_key=GAJlWxQBqIHXKv8BALnXBTpxVYc5bkULAAAB1501500j-ccb7-5&ccb=7-5&_nc_sid=669407&efg=eyJ2ZW5jb2RlX3RhZyI6InByb2ZpbGVfcGljLnd3dy43NjMuQzMifQ%3D%3D&_nc_ohc=v_PFUab_yhAQ7kNvwEVl9gI&_nc_oc=AdklIBSCnkwzJX6EcDjVsfCWr_3zTDt6joPfduKya1fJkZKLDACs-HhV5s2rcDFn3sk&_nc_ad=z-m&_nc_cid=0&_nc_zt=24&_nc_ht=scontent-sea1-1.cdninstagram.com&oh=00_Afq75TYK7GUd1H2NUESDSOHd0q_-TasbZ8BMmzjtr30ufQ&oe=6980D195","bedata.id","0","@rivaalmiraadz 😍😍","2025-09-29T13:09:25.000Z"
"","https://www.instagram.com/p/C7jT2sjvz3g/",,,,,,,,,,,,,,,,,,
"ihiw icikiwir","https://www.instagram.com/p/C7jT2sjvz3g/",,,,,,,,,,,,,,,,,,
"Sungkem sama suhuku @hartanto.s1 🙌","https://www.instagram.com/p/DM6704mhgRb/","17959786100968597","0","17841457314328797","BeData Technology Indonesia","false","57270382477","true","false","false","1769595712","3083453924167457880","https://scontent-mia5-1.cdninstagram.com/v/t51.2885-19/341533954_562034446018561_4145375926810957753_n.jpg?stp=dst-jpg_e0_s150x150_tt6&_nc_cat=101&ig_cache_key=GAJlWxQBqIHXKv8BALnXBTpxVYc5bkULAAAB1501500j-ccb7-5&ccb=7-5&_nc_sid=669407&efg=eyJ2ZW5jb2RlX3RhZyI6InByb2ZpbGVfcGljLnd3dy43NjMuQzMifQ%3D%3D&_nc_ohc=v_PFUab_yhAQ7kNvwGepEVb&_nc_oc=AdnQIpGn_vEJpcKrnQZeJurHjpMggMhVfo67SWa4O2Awt2CW2EokFCFBRIgPf6qj3No&_nc_ad=z-m&_nc_cid=0&_nc_zt=24&_nc_ht=scontent-mia5-1.cdninstagram.com&oh=00_Afo82usy72yYRP2TyK73YHFw6vPHhcYcFk7plzawNgIffQ&oe=6980D195","bedata.id","https://scontent-mia5-1.cdninstagram.com/v/t51.2885-19/341533954_562034446018561_4145375926810957753_n.jpg?stp=dst-jpg_e0_s150x150_tt6&_nc_cat=101&ig_cache_key=GAJlWxQBqIHXKv8BALnXBTpxVYc5bkULAAAB1501500j-ccb7-5&ccb=7-5&_nc_sid=669407&efg=eyJ2ZW5jb2RlX3RhZyI6InByb2ZpbGVfcGljLnd3dy43NjMuQzMifQ%3D%3D&_nc_ohc=v_PFUab_yhAQ7kNvwGepEVb&_nc_oc=AdnQIpGn_vEJpcKrnQZeJurHjpMggMhVfo67SWa4O2Awt2CW2EokFCFBRIgPf6qj3No&_nc_ad=z-m&_nc_cid=0&_nc_zt=24&_nc_ht=scontent-mia5-1.cdninstagram.com&oh=00_Afo82usy72yYRP2TyK73YHFw6vPHhcYcFk7plzawNgIffQ&oe=6980D195","bedata.id","0","@aulia_afifah gas join Webinarnya kak 🔥","2025-08-04T08:52:43.000Z"
"🔥😲🤯","https://www.instagram.com/p/DNewAQ0BhJ8/",,,,,,,,,,,,,,,,,,
"Siripsweetku alhamdulillah sudah terlalui. Meski banyak drama yang bikin mager terjadi, akhirnya berhasil lulus tepat waktu 🥹
.
Percaya nggak sih guys, akutu habis sempro baru nyadar kalau topik yang tak ambil bahasannya berat, butuh data banyak, dan penelitian dalam negeri yang serupa sebelumnya tu hampir bisa dikatakan tidak genap dihitung dengan jari kanan.
.
Setelah revisi & acc clear bab 1-3, aku mager. Nggak nyentuh skripsi hampir 3 bulan. Tiap hari di kos kerjaannya cuma masak, makan, tidur. Bener-bener menolak dan menarik diri ketika ada perbincangan soal skripsi.
.
Hingga akhirnya, temen deketku dari berbagai jurusan wisuda duluan. Rasanya tertampar. Aku bilang ke diriku sendiri, “Iya Suci, ini susah. Tapi apa artinya kamu menyerah? Jangan lihat ke bawah, lihat temen-temenmu yang sudah lulus. Bukannya kamu terlalu nyaman hanya karena kamu takut dan teman-teman sejurusan belum ada yang lulus? Jangan jadi pengecut atas pilihanmu sendiri!”
.
Teng, aku sadar. Lalu aku mencoba memaksa diriku. Melawan rasa malas dan takutku. Kucoba kumpulkan data-data yang riweh itu satu persatu. Kukerjakan selama 20 jam tiap harinya. Keluar kamar kos hanya untuk mengambil pesanan makanan. 
.
Begitulah aku selama 2 minggu. Walhasil data selesai dikumpulkan dan kuolah mandiri karena keterbatasan dana. Tepat satu bulan dari hibernasi panjang, aku mendaftar seminar hasil dan seminggu kemudian mendaftar wisuda. 
.
Terkesan kelihatan mulus-mulus saja setelahnya, meski tidak senyata itu. Yang jelas, aku menyesal karena tidak sadar lebih dulu. MasyaAllah tabarakallahnya teman dekat sejurusanku ketrigger untuk segera lulus setelahnya 🤗
.
Yuk cerita juga @ayusukma_22 @riyankpa @virazen2022 😊
Terima kasih telah mengadakan GA ini @bedata.id semoga makin sukses & membantu banyak mahasiswa dalam olah data tentunya 🫶🏻","https://www.instagram.com/p/C8RHU3hBroc/",,,,,,,,,,,,,,,,,,
"Kalau ngerjain skripsi sih g ada hambatan sama sekali, karena dari awal magang kerja juga kan sambil ngerjain skripsi gitu.. Paling kalau kesusahan adalah disuruh bikin desain website sama pihak kampus untuk menilai lulus atau g skripsi gue (karena gue lulusan Sistem Informasi)
Suryakencana Bogor Tengah 
Tik Tok : maria.crescentia24
Rencana kalau gue yang dapat THR : Lumayan THR bisa buat gue bayar listrik, air ledeng, BPJS mama gue, sisa sih bisa buat gue tabung untuk uang jajan gue, mau gue tabung buat modal usahap yang sempat tertunda sih hehe.. DONE!! Wish me luck!! Yuk bisa ikutan Bund ikutan seru yuk @haihehe2498 @berliana_._anty24 @mathildaberthy83  @mariacrescentiaberlianaanty24 @maria_crescentia @susumurni.hyung @matchalatte.98 @berli.2498 @berlianaanty24","https://www.instagram.com/p/C8RHU3hBroc/",,,,,,,,,,,,,,,,,,
"Skripsi yang bikin nyesek sih ini, karena aku kuliah online dulu dari semester awal sampe akhir. Semua ngurus sendiri mulai dari ijin penelitian sampai pembayaran. Apalagi pas bimbingan kalau online tu sulitnyaa minta ampun. Aku kuliah dua kali pernah di swasta dan yg terakhir di negeri. Terasa sekali perbedaannya, waktu swasta semua dibantu sama universitas, kalau di negeri harus mandiri. Semua harus valid dari mulai jenis penelitian kuantitatif apa kualitatif, instrumennya apa, harus pakai uji validitas. Penelitian pas jaman covid juga ngaruh banget bedanya 😢 Ngga ada temen curhat karena semua temen kuliah di beda kota, ngga bisa sharing langsung satu sama lain. Skuy join @nisaara2020 @erdinaap @larasati3074","https://www.instagram.com/p/C8RHU3hBroc/",,,,,,,,,,,,,,,,,,
"Selama menyelesaikan skripsi jurusan Teknik Kimia, perjalanan saya penuh dengan tantangan namun juga sangat berkesan dan memuaskan. 😌📚 Awalnya, saya tertantang dengan topik penelitian yang kompleks mengenai aplikasi teknologi membran dalam pemisahan zat pencemar dari air limbah industri. Proses awal ini penuh dengan pencarian literatur dan perumusan hipotesis yang membutuhkan pemahaman mendalam akan teori dan aplikasi praktis dalam bidang kimia dan teknik.⁣⁣⁣
⁣⁣⁣
Salah satu hal yang paling membingungkan adalah ketika saya harus menghadapi masalah teknis dalam uji coba laboratorium. Ada momen ketika hasil eksperimen tidak sesuai dengan yang diharapkan, dan saya harus melakukan berbagai perbaikan dan validasi untuk memastikan keakuratan data. Ini mengajarkan saya ketelitian dan ketabahan dalam menghadapi tantangan teknis. 🧪💡⁣⁣⁣
⁣⁣⁣
Tidak hanya itu, tetapi saya juga mengalami tekanan dari tenggat waktu yang ketat dan ekspektasi yang tinggi dari dosen pembimbing. Masa-masa menjelang pengumpulan skripsi menjadi waktu yang paling menegangkan, di mana saya harus melakukan revisi dan penyempurnaan berulang kali. 😰⏰⁣⁣⁣
⁣⁣⁣
Namun, di balik semua kesulitan itu, ada rasa bangga dan kepuasan ketika akhirnya berhasil menyelesaikan skripsi dengan baik. Momen saat presentasi dan ujian skripsi, meskipun menegangkan, memberi saya kesempatan untuk memamerkan pengetahuan dan hasil kerja keras selama ini. Mendapatkan apresiasi dan pujian dari dosen pembimbing serta komite ujian menjadi pembuktian atas segala usaha yang telah saya lakukan. 🌟🎓⁣⁣⁣
⁣⁣⁣
Sekarang, saya melihat kembali perjalanan itu sebagai bagian dari pertumbuhan pribadi dan profesional saya. Pengalaman ini tidak hanya memperkaya pengetahuan teknis saya dalam bidang Teknik Kimia, tetapi juga mengasah keterampilan manajemen waktu, ketekunan, dan kemampuan analisis. Saya yakin bahwa semua hal ini akan menjadi pondasi kuat bagi karier saya ke depan. 💪🌼 @aida_rasyida06 @anarzkyana_ @minnnah_04","https://www.instagram.com/p/C8RHU3hBroc/",,,,,,,,,,,,,,,,,,
"Agak pesimis ke pilih sih tapi coba aja dulu ye kan, jadi gini dulu ngajuin judul ke dospem ACC dong. gara gara seneng akhirnya pulang tuh ceritanya balik kampung halaman. Berangkat dari Surabaya jam 12 malem eh waktu sampe bojonegoro nabrak orang dong😭. untung orangnya ga knapa knapa cuma motor gua ancur lebur. uang buat biaya skripsi malah kepake buat benerin motor😂😂 @bukan_sammbo @hicencen_ @aryudhan","https://www.instagram.com/p/C8RHU3hBroc/",,,,,,,,,,,,,,,,,,
"Sempet bingung di bab awal skripsi apa sampe ketinggalan dikit sama yg lain. Dan ternyata bingung lagi di bab akhir tapi akhirnya lulus juga. @fidaahr @raaz_sz @raehan_pratama","https://www.instagram.com/p/C8RHU3hBroc/",,,,,,,,,,,,,,,,,,
"Namaku Angel, mahasiswi semester akhir jurusan Ekonomi. Saat memilih topik skripsi tentang dampak digitalisasi pada usaha kecil menengah, aku merasa semangat. Namun, tantangan segera muncul. Mendapatkan data dari pemilik usaha kecil ternyata sulit. Banyak yang enggan memberikan informasi, membuatku harus berulang kali mendatangi mereka.
Setelah berhasil mengumpulkan data, masalah lain datang. Analisis data menggunakan software statistik terasa sangat membingungkan. Aku harus belajar mandiri karena dosen pembimbing sering kali sibuk dan sulit ditemui. Setiap kali bertemu, revisi yang diberikan sering kali terasa membingungkan dan memerlukan banyak perbaikan.
Selain itu, tekanan dari deadline semakin membuatku stres. Aku harus begadang hampir setiap malam, merasa cemas apakah skripsiku akan selesai tepat waktu. Tidak jarang aku merasa putus asa dan hampir menyerah.
Namun, dukungan dari keluarga dan teman-teman memberiku semangat. Setelah berjuang keras, aku akhirnya menyelesaikan skripsiku. Perasaan lega dan bangga muncul saat berhasil lulus sidang, meskipun perjalanan menuju titik itu penuh dengan keluh kesah dan tantangan yang tidak mudah. Yuk ikutan @daviddprtma @nadyanggita__ @riska.ameliaa10 @maulina.e.cahyani.9 @dimassyahputra264","https://www.instagram.com/p/C8RHU3hBroc/",,,,,,,,,,,,,,,,,,
"ganti judul, ganti variabel, revisi bab1 yang ga kelar kelar🥲 belum lagi liat kawan kawan seperjuangan udah selesai duluan. @tiara_aap @virnandacsr @dwipaajeng","https://www.instagram.com/p/C8RHU3hBroc/",,,,,,,,,,,,,,,,,,
"aku ganti judul skripsi berkali², aku nyari lahan buat skripsi udah abis bensin sepertamina nya, aku bolak balik rumah-kampus ngebis 3 jam berkali², pada titik capeknya kejarzan ama dospem mendadak janjiannya diundur dgn alasan beliau mau pulang kampung kangen sama keluarga, ""WOY SAYA JG PEN PULANG KAMPUNG TAPI GA BISA KARNA ADA JANJI SAMA ANDA YANG TERHORMATT!!! SEENAKNYA BATALIN JANJI!!!"" pen teriak gitu tapi yang keluar di mulut ""baik bu tidak apa2"" emg mahasiswa bisa apa selain bilang gt😇👊🏻👊🏻 @fanny_etri @ekapuji_422 @lintang_hikmah","https://www.instagram.com/p/C8RHU3hBroc/",,,,,,,,,,,,,,,,,,
"@inayulis22 critao disini bolo, masalah keluh kesah mnghadapi dosbingmu luar biasahhh, bimbingan hrus di lap tenis huaaha 😭😂🙌","https://www.instagram.com/p/C8RHU3hBroc/",,,,,,,,,,,,,,,,,,
"here we go~
jadi waktu pas ngerjain skripsi aku sempet kesusahan ekonomi yang pada akhirnya aku rela open pijat khusus putri demi nambah"" duit buat skripsi, buka laundry bayar seiklasnya biar ada tambahan uang, jual semua barang yang aku punya, oiya jurusanku teknik pada saat itu. puji tuhan aku bisa sempro gelombang 1, lalu tibalah pembukaan semhas gelombang 1 (aku gayakin bisa ikut ini karena bimbinganku kurang 8 kali dan jarak sempro ke pendaftaran semhas cuman 7 hari) tapi aku berusaha dari pagi sampai larut malam kerjain bab 4 & 5 ku. tibalah h-1 penutupan pendaftaran semhas aku curhat ke dospem ku soal aku yang ingin semhas di gelombang 1 itu karena ortuku sudah tidak mampu membiayakan ku lagi dan aku sudah selesai mengerjakan skripsiku jadi aku ingin maju semhas karena kalau aku semhas di gelombang kedua, aku bakal bayar ukt, biaya hidup, dan kosan. dan yap miracle tiba, aku bisa ikut semhas, dospemku mendukung aku untuk semhas malahan dia bilang ""kamu kapan pulang ke rumah? saya liat kamu bimbingan terus dari libur semester ga pulang-pulang, temen-temenmu pada ilang ilangan kamu doang yang rajin ke saya"". aku nangis setelah bimbingan karena bersyukur aku jadi ga nambah ukt lagi. Lalu, setelah menjalani semhas, lisan, yudisium dan resultnya aku adalah angkatan termuda dan cumlaude di angkatanku. karena yang lulus tepat waktu hanya 2 orang di angkatanku, sedangkan yang cumlaude hanya 1 orang yaitu aku setelah gapercaya ngelewatin struggle susahnya kerjain skripsi, ekonomi yang susah, diuji dari berbagai hal akhirnya aku bisa ngelewatin ini:). fun fact, di teknik itu emang rata rata lulusnya 5 tahun, karena waktu aku semhas itu dominan angkatan 19,18,17. angkatanku hanya 2 orang yang ikutan semhas. dan fact kedua aku keluarin uang buat skripsi under 100 aja karena aku dibantu print sama temenku. sedangkan temen""ku yang lain skripsinya 3-30 juta keatas. dari pengalamanku ini aku jadi belajar, ekonomi bukan jadi penghalang aku buat meraih mimpi"" aku. @sarianis @danastriputrii @ichchaa.a","https://www.instagram.com/p/C8RHU3hBroc/",,,,,,,,,,,,,,,,,,
"pengalaman skripsii dari mulaii dapet dosen penguji yg teledor masalah jadwal gara gara masih ngikut jadwal yang lama, efeknya jadi ngaret 30 menit, effort naik lantai dari 1 ke 3 bolak balik gedung 1 ke 2 buat jemput kedua dosen penguji, terus karena dapet jadwal pertama di hari aku sidang jadi nyiapin semua persiapan dari mulai proyektor, meja sama kursi dosen penguji yang bener bener bikin kalang kabut mana ngurus apa apa sendiri soalnya gapunya temen, tapi syukur atas kuasa Allah akhirnya lancar dan revisi pun ga terlalu rumit, struggle revisian demi dosen penguji yang selalu gaada kabar tapi akhirnya kelar juga, terimakasih yaAllah @syahda_alif @indraagustinoo @eragradi","https://www.instagram.com/p/C8RHU3hBroc/",,,,,,,,,,,,,,,,,,
"Sebenernya mo nulis brutal banget tapi takut viral kebaca dosen, hahaha.. Jadi waktu nyusun proposal sempet sakit perut sampai tencrem gara-gara susah banget ngedapetin acc judul dan metodenya. Nah skripsi ini aku neliti kacang tanah di lahan, tantangan di lahan banyak bangetttt ya wak mulai dari musim, bencana kecil, hama, sampe diliatin petani lokal, wkwkkw.. jatuh kepleset lumpur udah ga keitung berapa kali, bahkan sampi 2 bulan setelah penelitian selesai luka-lukanya masih ada, paling epic saat jalan diatas jembatan kayu tiba-tiba jembatannya kebalik jadi aku nyebur kesungai tapi kaki kiri aku masing nyangkut diantara kayu-kayu itu, yaaa... jadi badan aku kecebur sungai tapi kaki kiri masih gelantungan, ITU SAAAKIIIT BGT! proses olah data aman sejauh ini, doain cepet ACC yaa! @syerlinatitis_ @yuniceyoon @fanny_etri","https://www.instagram.com/p/C8RHU3hBroc/",,,,,,,,,,,,,,,,,,
"pengalaman skripsi yang sangat mengesankan dimana tiba tiba banyak masalah dateng ngga pake salam 😭🙏, masih bersyukur banget punya dosbing sangat amat membantu dalam banyak hal dan yaa bersyukur ngga berakhir dengan jantungan 😂 @a.yaqinnn @todayis_airi @putrielins_","https://www.instagram.com/p/C8RHU3hBroc/",,,,,,,,,,,,,,,,,,
"Jujur kalo bahas skripsi tuh bawaannya berat banget😂🙌cuma bersyukur nya punya dospem yng suppotif bgtt!! G kebanyang misal ga dpt beliau dg aku yang masih kedistrak event sana sini kwkwkw, CHALLENGING NYA MUNGKIN MASALAH TIMELINE SIDANGNYA AJA SIH, DILUAR MBKG SOALNYA🔥TAPI SEJAUH INI ALHAMDULILLAH BISA DINIKMATI🙌lah kok jadi capslok😂sorry min🙏 yuk ikutan! Mayan kan? Sambat daoat rewards? Kapan lagi @n_niswa23 @aniveafitri_ @afikaqothrunnada 😂MAKIN MENYALA @bedata.id 🔥","https://www.instagram.com/p/C8RHU3hBroc/",,,,,,,,,,,,,,,,,,
"Ini ga se yg kmaren @fatchur.r.w","https://www.instagram.com/p/C8Mhrd2Bpoz/",,,,,,,,,,,,,,,,,,
"Hhmm akhirnya ngisi di BeData juga kan @mr.rifqiramram 😂😂","https://www.instagram.com/p/C8J0eB6BcdQ/",,,,,,,,,,,,,,,,,,
"Topp kangg CEO! @mr.rifqiramram 🔥🙌","https://www.instagram.com/p/C8J0eB6BcdQ/",,,,,,,,,,,,,,,,,,
"Satset bat 🥴","https://www.instagram.com/p/C8J0eB6BcdQ/",,,,,,,,,,,,,,,,,,
"Gaskennnn suksesor Majlis IP 🔥 @shalardii @aryudhan @hirzalhaque @aabyzhar @raaz_sz @raehan_pratama","https://www.instagram.com/p/C8J0eB6BcdQ/",,,,,,,,,,,,,,,,,,
"😍","https://www.instagram.com/p/C68QETBhSzQ/",,,,,,,,,,,,,,,,,,
"Min ini nanti konsul nya kan ya??","https://www.instagram.com/p/C68QETBhSzQ/",,,,,,,,,,,,,,,,,,
"Rp 259k ?? WOWW!!","https://www.instagram.com/p/C68QETBhSzQ/",,,,,,,,,,,,,,,,,,
"1 hari kelar, kuy 😍 wkwk","https://www.instagram.com/p/C68QETBhSzQ/",,,,,,,,,,,,,,,,,,
"","https://www.instagram.com/p/C654xfChigy/",,,,,,,,,,,,,,,,,,
"","https://www.instagram.com/p/C654xfChigy/",,,,,,,,,,,,,,,,,,
"loh la kok murah?","https://www.instagram.com/p/C3uhkqlJuhl/",,,,,,,,,,,,,,,,,,
"Bemin bisa olah sampai berapa row nih?","https://www.instagram.com/p/C3uhkqlJuhl/",,,,,,,,,,,,,,,,,,
"👏👏👏👏👏","https://www.instagram.com/p/C7LvUbVBe4x/",,,,,,,,,,,,,,,,,,
"@cavinphungg @m_assyiddiecky calling out my fellowww 😍","https://www.instagram.com/p/C7LvUbVBe4x/",,,,,,,,,,,,,,,,,,
"🔥🔥🔥","https://www.instagram.com/p/C7LvUbVBe4x/",,,,,,,,,,,,,,,,,,
"❤️","https://www.instagram.com/p/C63dQZ-BLN9/",,,,,,,,,,,,,,,,,,
"","https://www.instagram.com/p/C63dQZ-BLN9/",,,,,,,,,,,,,,,,,,
"Seseru itu! Punya keluarga baru 😍","https://www.instagram.com/p/C63dQZ-BLN9/",,,,,,,,,,,,,,,,,,
"Welcome home!! 🎉🥳","https://www.instagram.com/p/C63dQZ-BLN9/",,,,,,,,,,,,,,,,,,
"sampai bertemu di minggu depan guiss 😋","https://www.instagram.com/p/C63dQZ-BLN9/",,,,,,,,,,,,,,,,,,
"","https://www.instagram.com/p/C7_nTtXvllG/",,,,,,,,,,,,,,,,,,
"Mau dongg jadi beIntern😍","https://www.instagram.com/p/C5Norj1JgjK/",,,,,,,,,,,,,,,,,,
"aku yaqin of course, yakin pilihan utama ya pasti bedata","https://www.instagram.com/p/C5Norj1JgjK/",,,,,,,,,,,,,,,,,,
"Aku mentor BeIntern, of course kelasnya ada praktik menggambar 🖍️🖼️","https://www.instagram.com/p/C5Norj1JgjK/",,,,,,,,,,,,,,,,,,
"Aku cameraman, of course tau ini takenya berkali2 wkwkwk seruu🔥🔥","https://www.instagram.com/p/C5Norj1JgjK/",,,,,,,,,,,,,,,,,,
"aku orang dalam, of course …","https://www.instagram.com/p/C5Norj1JgjK/",,,,,,,,,,,,,,,,,,
"Aku mentor BeIntern, of course aku ngasih nilai ke temen2 BeIntern ❤️🙌🔥","https://www.instagram.com/p/C5Norj1JgjK/",,,,,,,,,,,,,,,,,,
"😍😍😍 aku intern 😍😍😍","https://www.instagram.com/p/C5Norj1JgjK/",,,,,,,,,,,,,,,,,,
"Aku wota, of course materi weekly class pake foto freya 🔥","https://www.instagram.com/p/C5Norj1JgjK/",,,,,,,,,,,,,,,,,,
"Aku SPV, of course biasanya kl BeIntern izin, pasti izinnya ke aku 🙈💁‍♂️","https://www.instagram.com/p/C5Norj1JgjK/",,,,,,,,,,,,,,,,,,
"🔥","https://www.instagram.com/p/C7O0FHohndQ/",,,,,,,,,,,,,,,,,,
"Tutorial lengkapnya bisa booking seat ke BeData lngsng ya xixixi","https://www.instagram.com/p/C7O0FHohndQ/",,,,,,,,,,,,,,,,,,
"Welll~~","https://www.instagram.com/p/C7O0FHohndQ/",,,,,,,,,,,,,,,,,,
"😮","https://www.instagram.com/p/C4PuoGSpshh/",,,,,,,,,,,,,,,,,,
"Next adain batch 2 nya dongg BeMinn","https://www.instagram.com/p/C4PuoGSpshh/",,,,,,,,,,,,,,,,,,
"Ak jg mw","https://www.instagram.com/p/C4PuoGSpshh/",,,,,,,,,,,,,,,,,,
"Kwerennn🔥🔥","https://www.instagram.com/p/C4PuoGSpshh/",,,,,,,,,,,,,,,,,,
"bismillah 🔥","https://www.instagram.com/p/C4PuoGSpshh/",,,,,,,,,,,,,,,,,,
"Mantap 🙌","https://www.instagram.com/p/C4PuoGSpshh/",,,,,,,,,,,,,,,,,,
"keren abiss🔥🔥","https://www.instagram.com/p/C4PuoGSpshh/",,,,,,,,,,,,,,,,,,
"Menyalaa! 🔥","https://www.instagram.com/p/C4PuoGSpshh/",,,,,,,,,,,,,,,,,,
"Wawww talent nya bedata cakep🔥","https://www.instagram.com/p/C7T5wgGPz2Z/",,,,,,,,,,,,,,,,,,
"talentnya single ga nih? 🤭","https://www.instagram.com/p/C7T5wgGPz2Z/",,,,,,,,,,,,,,,,,,
"Ko bil nasi padang yok","https://www.instagram.com/p/C7T5wgGPz2Z/",,,,,,,,,,,,,,,,,,
"Sarung nya siapa itu? 🤔 @ar.hartana","https://www.instagram.com/p/C7T5wgGPz2Z/",,,,,,,,,,,,,,,,,,
"🙌","https://www.instagram.com/p/C7D-0HfhJWY/",,,,,,,,,,,,,,,,,,
"Kiww² 🥳 @dheldhz","https://www.instagram.com/p/C7D-0HfhJWY/",,,,,,,,,,,,,,,,,,
"❤️","https://www.instagram.com/p/C5YEaDgpz3S/",,,,,,,,,,,,,,,,,,
"Part paling sedih si gbisa bikin jj brg😢","https://www.instagram.com/p/C5YEaDgpz3S/",,,,,,,,,,,,,,,,,,
"❤️❤️❤️","https://www.instagram.com/p/C5YEaDgpz3S/",,,,,,,,,,,,,,,,,,
"goyangnya natural karna gempa ga sih itu 😢","https://www.instagram.com/p/C5YEaDgpz3S/",,,,,,,,,,,,,,,,,,
"Sejarah terciptanya stiker bung Roger 🤧","https://www.instagram.com/p/C5YEaDgpz3S/",,,,,,,,,,,,,,,,,,
"Tidak bisa berkata kata","https://www.instagram.com/p/C5YEaDgpz3S/",,,,,,,,,,,,,,,,,,
"🔥","https://www.instagram.com/p/C4CfrZShkFq/",,,,,,,,,,,,,,,,,,
"kweren🔥","https://www.instagram.com/p/C4CfrZShkFq/",,,,,,,,,,,,,,,,,,
"🔥🔥🔥🔥","https://www.instagram.com/p/C4CfrZShkFq/",,,,,,,,,,,,,,,,,,
"apapun datanya, bedata solusinya","https://www.instagram.com/p/C4CfrZShkFq/",,,,,,,,,,,,,,,,,,
"Memanggg BeData terbaikkk🥺✋🏼🌟","https://www.instagram.com/p/C4CfrZShkFq/",,,,,,,,,,,,,,,,,,
"Keren 🔥🔥","https://www.instagram.com/p/C4CfrZShkFq/",,,,,,,,,,,,,,,,,,
"🔥🔥🔥","https://www.instagram.com/p/C4CfrZShkFq/",,,,,,,,,,,,,,,,,,
"❤️❤️","https://www.instagram.com/p/C4SvC-GpLMY/",,,,,,,,,,,,,,,,,,
"👏","https://www.instagram.com/p/C4SvC-GpLMY/",,,,,,,,,,,,,,,,,,
"Web buat bikin dia jatuh hati bisa nggak ya? 😮","https://www.instagram.com/p/C4SvC-GpLMY/",,,,,,,,,,,,,,,,,,
"🔥🔥🙌🙌","https://www.instagram.com/p/C4SvC-GpLMY/",,,,,,,,,,,,,,,,,,
"🔥🔥🔥","https://www.instagram.com/p/C4SvC-GpLMY/",,,,,,,,,,,,,,,,,,
"👏","https://www.instagram.com/p/C5BFQiZJYNq/",,,,,,,,,,,,,,,,,,
"Kasih paham captt 🔥🔥","https://www.instagram.com/p/C5BFQiZJYNq/",,,,,,,,,,,,,,,,,,
"","https://www.instagram.com/p/C5BFQiZJYNq/",,,,,,,,,,,,,,,,,,
"👏👏👏","https://www.instagram.com/p/C5BFQiZJYNq/",,,,,,,,,,,,,,,,,,
"Ilmu padi abangku 🌾","https://www.instagram.com/p/C5BFQiZJYNq/",,,,,,,,,,,,,,,,,,
"Menyala abangku 🔥🔥🔥🔥","https://www.instagram.com/p/C5BFQiZJYNq/",,,,,,,,,,,,,,,,,,
"😂😂","https://www.instagram.com/p/C5BFQiZJYNq/",,,,,,,,,,,,,,,,,,
"Welll~~","https://www.instagram.com/p/C7RRw3bhviu/",,,,,,,,,,,,,,,,,,
"Comel bgt❤️","https://www.instagram.com/p/C7RRw3bhviu/",,,,,,,,,,,,,,,,,,
"😢","https://www.instagram.com/p/C5-IXIjpUVP/",,,,,,,,,,,,,,,,,,
"🤩🤩🤩","https://www.instagram.com/p/C47zMtBJqX6/",,,,,,,,,,,,,,,,,,
"aowkowk","https://www.instagram.com/p/C47zMtBJqX6/",,,,,,,,,,,,,,,,,,
"Seruu amay lanjut part 2 ga ni 🤣","https://www.instagram.com/p/C47zMtBJqX6/",,,,,,,,,,,,,,,,,,
"Gass kan kack @akimforce","https://www.instagram.com/p/C47zMtBJqX6/",,,,,,,,,,,,,,,,,,
"🔥🔥🔥","https://www.instagram.com/p/C47zMtBJqX6/",,,,,,,,,,,,,,,,,,
"Hakim tantrum 🤣,

Menyalaa!! 🔥🔥🔥
@rozyyyya @hfiyann @akimforce @raihanri1120 @andhiniputr","https://www.instagram.com/p/C47zMtBJqX6/",,,,,,,,,,,,,,,,,,
"👏🏼🔥","https://www.instagram.com/p/C47zMtBJqX6/",,,,,,,,,,,,,,,,,,
"😍😍😍😍","https://www.instagram.com/p/C47zMtBJqX6/",,,,,,,,,,,,,,,,,,
"❤️❤️❤️","https://www.instagram.com/p/C47zMtBJqX6/",,,,,,,,,,,,,,,,,,
"Asik sekali","https://www.instagram.com/p/C47zMtBJqX6/",,,,,,,,,,,,,,,,,,
"🤣🤣","https://www.instagram.com/p/C47zMtBJqX6/",,,,,,,,,,,,,,,,,,
"🤔","https://www.instagram.com/p/C7EZ0ibNTep/",,,,,,,,,,,,,,,,,,
"Regresi minn 🔥","https://www.instagram.com/p/C7EZ0ibNTep/",,,,,,,,,,,,,,,,,,
"DEA, REGRESI","https://www.instagram.com/p/C7EZ0ibNTep/",,,,,,,,,,,,,,,,,,
"Alapi, Odise, Amosradu, Kuare 🔥","https://www.instagram.com/p/C7EZ0ibNTep/",,,,,,,,,,,,,,,,,,
"Manova, valid, anova minnn","https://www.instagram.com/p/C7EZ0ibNTep/",,,,,,,,,,,,,,,,,,
"Go onlineee minnn","https://www.instagram.com/p/C6oNFudBSs_/",,,,,,,,,,,,,,,,,,
"GO ON LINE","https://www.instagram.com/p/C6oNFudBSs_/",,,,,,,,,,,,,,,,,,
"Go Online","https://www.instagram.com/p/C6oNFudBSs_/",,,,,,,,,,,,,,,,,,
"Go Online (?)","https://www.instagram.com/p/C6oNFudBSs_/",,,,,,,,,,,,,,,,,,
"Admint memperlihatkan easter egg lagi","https://www.instagram.com/p/C6WUWohhELD/",,,,,,,,,,,,,,,,,,
"cooll! ✨✨","https://www.instagram.com/p/C6WUWohhELD/",,,,,,,,,,,,,,,,,,
"makasih bemin!","https://www.instagram.com/p/C6WUWohhELD/",,,,,,,,,,,,,,,,,,
"❤️","https://www.instagram.com/p/C6OTo-DJrQN/",,,,,,,,,,,,,,,,,,
"Naikin gaji editor pak🙌","https://www.instagram.com/p/C6OTo-DJrQN/",,,,,,,,,,,,,,,,,,
"sekali ada client goals dijamin auto sat set ini 🔥🔥","https://www.instagram.com/p/C6OTo-DJrQN/",,,,,,,,,,,,,,,,,,
"🔥🔥🔥","https://www.instagram.com/p/C6OTo-DJrQN/",,,,,,,,,,,,,,,,,,
"😆😆😆","https://www.instagram.com/p/C6OTo-DJrQN/",,,,,,,,,,,,,,,,,,
"Bedata punya infinity stone","https://www.instagram.com/p/C6OTo-DJrQN/",,,,,,,,,,,,,,,,,,
"❤️","https://www.instagram.com/p/C5f3814JxqU/",,,,,,,,,,,,,,,,,,
"🔥","https://www.instagram.com/p/C5f3814JxqU/",,,,,,,,,,,,,,,,,,
"Klo udh lulus rintangan berikutnya bakal ditanyain apa ya🫣","https://www.instagram.com/p/C5f3814JxqU/",,,,,,,,,,,,,,,,,,
"belommm minn","https://www.instagram.com/p/C5f3814JxqU/",,,,,,,,,,,,,,,,,,
"Jangan lupa siap² angpao nya buat para ponakan, ingat, kita sudah besar 😢","https://www.instagram.com/p/C5f3814JxqU/",,,,,,,,,,,,,,,,,,
"Minnn, malah ditanyain kapan nikah ini gimanaa 😢","https://www.instagram.com/p/C5f3814JxqU/",,,,,,,,,,,,,,,,,,
"WAWWW! Aku kira selama ini kayak joki kalo pake jasa olah data😮","https://www.instagram.com/p/C4p5vtDhuc0/",,,,,,,,,,,,,,,,,,
"ooo ternyata yg begini tidak melanggar aturan","https://www.instagram.com/p/C4p5vtDhuc0/",,,,,,,,,,,,,,,,,,
"🏄‍♀️🏄‍♀️🏄‍♀️","https://www.instagram.com/p/C4p5vtDhuc0/",,,,,,,,,,,,,,,,,,
"Infokan kuota","https://www.instagram.com/p/C4p5vtDhuc0/",,,,,,,,,,,,,,,,,,
"BeMin kamsiaaa buat infonya, finally dah beda ternyata joki sama olahdata 🔥🙌","https://www.instagram.com/p/C4p5vtDhuc0/",,,,,,,,,,,,,,,,,,
"Otw order 🔥🔥","https://www.instagram.com/p/C4p5vtDhuc0/",,,,,,,,,,,,,,,,,,
"❤","https://www.instagram.com/p/C4p5vtDhuc0/",,,,,,,,,,,,,,,,,,
"now i know,thanks bedata!","https://www.instagram.com/p/C4p5vtDhuc0/",,,,,,,,,,,,,,,,,,
"🙌","https://www.instagram.com/p/C4uhVvppvUU/",,,,,,,,,,,,,,,,,,
"👏👏","https://www.instagram.com/p/C4uhVvppvUU/",,,,,,,,,,,,,,,,,,
"🙌🙌🙌","https://www.instagram.com/p/C4uhVvppvUU/",,,,,,,,,,,,,,,,,,
"👏🏻👏🏻👏🏻","https://www.instagram.com/p/C4uhVvppvUU/",,,,,,,,,,,,,,,,,,
"❤","https://www.instagram.com/p/C4uhVvppvUU/",,,,,,,,,,,,,,,,,,
"Sangat informatif 😍","https://www.instagram.com/p/C4uhVvppvUU/",,,,,,,,,,,,,,,,,,
"Waw menarik","https://www.instagram.com/p/C4uhVvppvUU/",,,,,,,,,,,,,,,,,,
"Jadi lebih tau 👏","https://www.instagram.com/p/C4uhVvppvUU/",,,,,,,,,,,,,,,,,,
"😍😍","https://www.instagram.com/p/C4uhVvppvUU/",,,,,,,,,,,,,,,,,,
"🔥🔥🔥","https://www.instagram.com/p/C4uhVvppvUU/",,,,,,,,,,,,,,,,,,
"Aku sih dua duanya minbeee🙌","https://www.instagram.com/p/C5tEh3FpGWy/",,,,,,,,,,,,,,,,,,
"e-commerceee min","https://www.instagram.com/p/C5tEh3FpGWy/",,,,,,,,,,,,,,,,,,
"Lebih kenal ecommerce nya minn","https://www.instagram.com/p/C5tEh3FpGWy/",,,,,,,,,,,,,,,,,,
"Kalo bisa dua2nya kenapa hrs satu?🤔","https://www.instagram.com/p/C5tEh3FpGWy/",,,,,,,,,,,,,,,,,,
"Both of them kali yaa","https://www.instagram.com/p/C5tEh3FpGWy/",,,,,,,,,,,,,,,,,,
"Be-Commerce sih kalo aku minn 🙌","https://www.instagram.com/p/C5tEh3FpGWy/",,,,,,,,,,,,,,,,,,
"🤩🤩🤩","https://www.instagram.com/p/C42yIMRJRhr/",,,,,,,,,,,,,,,,,,
"🔥🔥🙌🙌","https://www.instagram.com/p/C42yIMRJRhr/",,,,,,,,,,,,,,,,,,
"Darurat website 😮🔥🔥","https://www.instagram.com/p/C42yIMRJRhr/",,,,,,,,,,,,,,,,,,
"Ninuninuuu","https://www.instagram.com/p/C42yIMRJRhr/",,,,,,,,,,,,,,,,,,
"Sinyal darurat ini, hrs gass bikin website ini!!🔥","https://www.instagram.com/p/C42yIMRJRhr/",,,,,,,,,,,,,,,,,,
"🔥🔥🔥","https://www.instagram.com/p/C42yIMRJRhr/",,,,,,,,,,,,,,,,,,
"Rill sih bang","https://www.instagram.com/p/C42yIMRJRhr/",,,,,,,,,,,,,,,,,,
"❤❤","https://www.instagram.com/p/C42yIMRJRhr/",,,,,,,,,,,,,,,,,,
"Itu proposalnya siapa min 😭😭","https://www.instagram.com/p/C9hdGfVpCOI/",,,,,,,,,,,,,,,,,,
"Menyala kek Obor di Kilang🔥🔥🔥","https://www.instagram.com/p/C7S3htVvq2m/",,,,,,,,,,,,,,,,,,
"Siape tu? @tsbttjh_07","https://www.instagram.com/p/C7S3htVvq2m/",,,,,,,,,,,,,,,,,,
"🔥🔥🔥","https://www.instagram.com/p/C5c-n_GpE3U/",,,,,,,,,,,,,,,,,,
"Insightfulll","https://www.instagram.com/p/C5c-n_GpE3U/",,,,,,,,,,,,,,,,,,
"Now i know😮","https://www.instagram.com/p/C5c-n_GpE3U/",,,,,,,,,,,,,,,,,,
"wawww?!","https://www.instagram.com/p/C5c-n_GpE3U/",,,,,,,,,,,,,,,,,,
"Minn early bird olahdata kapan yakk","https://www.instagram.com/p/C5c-n_GpE3U/",,,,,,,,,,,,,,,,,,
"Thanks FYI !!, Next bahas Smart-PLS kali yaaa (?)","https://www.instagram.com/p/C5c-n_GpE3U/",,,,,,,,,,,,,,,,,,
"bro sudah tua 🤧","https://www.instagram.com/p/C5c-n_GpE3U/",,,,,,,,,,,,,,,,,,
"Sudah sepuh sekali ternyata spss ini","https://www.instagram.com/p/C5c-n_GpE3U/",,,,,,,,,,,,,,,,,,
"Menarikk","https://www.instagram.com/p/C5c-n_GpE3U/",,,,,,,,,,,,,,,,,,
"Jadi nggak sabar skripsian 😍","https://www.instagram.com/p/C9r1rphJX13/",,,,,,,,,,,,,,,,,,
"terpantau di pinggiran danau 😂 @a.yaqinnn @ichchaa.a","https://www.instagram.com/p/C9r1rphJX13/",,,,,,,,,,,,,,,,,,
"❤️","https://www.instagram.com/p/C550NTFBvbZ/",,,,,,,,,,,,,,,,,,
"ku kira Amoba salah dikit min","https://www.instagram.com/p/C550NTFBvbZ/",,,,,,,,,,,,,,,,,,
"Loading....","https://www.instagram.com/p/C550NTFBvbZ/",,,,,,,,,,,,,,,,,,
"aku gatau, gapaham 🙈","https://www.instagram.com/p/C550NTFBvbZ/",,,,,,,,,,,,,,,,,,
"MIN AKU BENARR!!!! 😮😮","https://www.instagram.com/p/C550NTFBvbZ/",,,,,,,,,,,,,,,,,,
"Anovaa min, dapet hadiah gk 😍","https://www.instagram.com/p/C550NTFBvbZ/",,,,,,,,,,,,,,,,,,
"@rizukaf.id","https://www.instagram.com/p/C550NTFBvbZ/",,,,,,,,,,,,,,,,,,
"yang bener dapet apa min?","https://www.instagram.com/p/C550NTFBvbZ/",,,,,,,,,,,,,,,,,,
"First min dapet diskon olah data ga sih minn 🔥","https://www.instagram.com/p/C8g_nFvBV2z/",,,,,,,,,,,,,,,,,,
"kakaknya moshing guys 😆😆 @daffafaadihilah @ichchaa.a @rizukaf.id @kaisyaanvf @fatchur.r.w","https://www.instagram.com/p/C8qg8nJhGnb/",,,,,,,,,,,,,,,,,,
"Regex sangat merepotkan mint 🧎‍♂️","https://www.instagram.com/p/C7eLia8vjJB/",,,,,,,,,,,,,,,,,,
