"text","postUrl","replies"
"Selamat ulang tahun ke-13, Poltracking Indonesia! Suasana Family Gathering ini benar-benar terasa hangat dan penuh kebersamaan. Semoga Poltracking semakin solid, akurat, dan terus menjadi lembaga riset yang kredibel di bawah kepemimpinan Pak Hanta","https://www.instagram.com/p/DOTa25tEcx3/",
"Tasyakuran & family gathering bikin suasana makin hangat.","https://www.instagram.com/p/DOTa25tEcx3/",
"Selamat milad  Abah H hanta Yuda rasyid barakallah FII umrik ,milad Mubarak yaumul milad","https://www.instagram.com/p/DOTa25tEcx3/",
"Menarik utk ditunggu hasil evaluasi dari POLTRACKING hasil kerja presiden-wakil presiden RI selama setahun pertama.. semoga hasil evaluasi nya sesuai fakta yg dirasakan masyarakat, semoga konsisten dan objektif","https://www.instagram.com/p/DP-qqu3EaDN/",
"Menarik nih, pengin tahu hasil evaluasi setahun pemerintahan menurut Poltracking.","https://www.instagram.com/p/DP-qqu3EaDN/",
"Menarik nih, sekelas survei Poltracking Indonesia yang patut ditunggu","https://www.instagram.com/p/DP-qqu3EaDN/",
"🇲🇨🇲🇨🇲🇨🇲🇨","https://www.instagram.com/p/DP-qqu3EaDN/",
"Penasaran banget nunggu hasil evaluasi setahun ini. Poltracking memang konsisten dan objektif, jadi menarik lihat apa temuan mereka nanti.","https://www.instagram.com/p/DP-qqu3EaDN/",
"Penasaran sama hasil evaluasi dari Poltracking semoga aja hasilnya memuaskan🔥","https://www.instagram.com/p/DP-qqu3EaDN/",
"Ga sabar pengen nonton hasil evaluasi dari Poltracking satu tahun pemerintah prabowo dan gibran rakabuming","https://www.instagram.com/p/DP-qqu3EaDN/",
"Terima kasih Poltracking, selalu objektif pantau kinerja pemerintahan.","https://www.instagram.com/p/DP-qqu3EaDN/",
"Salut untuk Poltracking yang selalu menjaga objektivitas dan integritas dalam setiap risetnya. Laporan dan analisisnya selalu berbasis data, menjadi referensi penting bagi publik dalam menilai kinerja pemerintahan. 👏📊","https://www.instagram.com/p/DP-qqu3EaDN/",
"Salut buat Poltracking yang selalu konsisten memantau pemerintahan secara obyektif, jadi makin penasaran sama hasil surveinya.","https://www.instagram.com/p/DP-qqu3EaDN/",
"Semoga hasil evaluasi setahun Pemerintah dari Poltracking sesuai harapan dan objektif","https://www.instagram.com/p/DP-qqu3EaDN/",
"😍😍","https://www.instagram.com/p/DP-qqu3EaDN/",
"Terbaik🔥🔥","https://www.instagram.com/p/DC6yM1VvQ0b/",
"Ayo #Poltracking tunjukkan kamu paling presisi dibanding sebelah.. #PoltrackingMenyala","https://www.instagram.com/p/DC6yM1VvQ0b/",
"Poltracking Indonesia! 🇮🇩","https://www.instagram.com/p/DC6yM1VvQ0b/",
"@psi_id makin ngeri...bisa kalahkan @partaiperindo","https://www.instagram.com/p/C3pFJcfPlax/",
"Gerindra 🔥🙌","https://www.instagram.com/p/C3pFJcfPlax/",
"Quick count dibilang curang pak, padahal kita bekerja dengan jujur dengan hati yang tulus😭😭","https://www.instagram.com/p/C3ZMBDPPJ7F/",
"🔥🔥🔥","https://www.instagram.com/p/C3ZMBDPPJ7F/",
"Masyaallah Tabarakallah","https://www.instagram.com/p/DR_sv-3EaMB/",
"#prayforsumatra","https://www.instagram.com/p/DR_sv-3EaMB/",
"Barakallah Poltracking❤️❤️","https://www.instagram.com/p/DR_sv-3EaMB/",
"Doa dan ikhtiar terbaik. Saling jibaku, saling bantu... ❤️🔥","https://www.instagram.com/p/DR_sv-3EaMB/",
"❤️❤️","https://www.instagram.com/p/DR_sv-3EaMB/",
"Barakallah Poltracking ❤️❤️","https://www.instagram.com/p/DR_sv-3EaMB/",
"Aamiin Allaahumma aamiin ❤️❤️","https://www.instagram.com/p/DR_sv-3EaMB/",
"Alhamdulillah","https://www.instagram.com/p/DR_sv-3EaMB/",
"Peduli sesama. ❤️❤️#prayforsumatra","https://www.instagram.com/p/DR_sv-3EaMB/",
"MasyaAllah poltracking ❤️❤️ #wargabantuwarga","https://www.instagram.com/p/DR_sv-3EaMB/",
"Saling menguatkan di masa sulit..👏👏","https://www.instagram.com/p/DR_sv-3EaMB/",
"Massya Allah tabarakallah","https://www.instagram.com/p/DR_sv-3EaMB/",
"Alhamdulillah bagus sekali bantuan yang diberikan oleh Poltracking yang telah memberikan bantuan ke Sumatera yang Sedang mengalami bencana alam","https://www.instagram.com/p/DR_sv-3EaMB/",
"Bantu saling menguatkan!","https://www.instagram.com/p/DR_sv-3EaMB/",
"Segera pulih Sumatera ku","https://www.instagram.com/p/DR_sv-3EaMB/",
"🔥🔥🔥","https://www.instagram.com/p/DAYzPEgy6QW/",
"✌️💙","https://www.instagram.com/p/DBILoASSNjy/",
"Mantap paling akurat  sukses sll poltracking","https://www.instagram.com/p/C44uWl9PF-J/",
"Selisihnya adalah angka ganjil yang paling disukai (7).. Masya Allah Tabarakallah 😊","https://www.instagram.com/p/C44uWl9PF-J/",
"Hebat🔥👏","https://www.instagram.com/p/C44uWl9PF-J/",
"Rambo ❤️","https://www.instagram.com/p/DAQ66iSPZUz/",
"🔥🔥 panasss","https://www.instagram.com/p/DAQ66iSPZUz/",
"Andhika pemenangnya","https://www.instagram.com/p/DAQ66iSPZUz/",
"Pilkada paling mencetar dan paling deg degan jantung... Sangat ketat","https://www.instagram.com/p/DAQ66iSPZUz/",
"🔥🔥🔥🔥🔥🔥","https://www.instagram.com/p/DAQ66iSPZUz/",
"🔥🔥🔥","https://www.instagram.com/p/DAQ66iSPZUz/",
"Mirip hasil KPU 🤏🏻 Luar Biasa Poltracking ✅","https://www.instagram.com/p/C3miqu0vcsu/",
"Gaskeun....","https://www.instagram.com/p/C3miqu0vcsu/",
"🔥🔥🔥🔥","https://www.instagram.com/p/C3miqu0vcsu/",
"Negerih pisan....😂","https://www.instagram.com/p/C3miqu0vcsu/",
"🔥🔥🔥🔥","https://www.instagram.com/p/C3miqu0vcsu/",
"Mantap min @poltracking mudah2n paling akurat 🔥🔥","https://www.instagram.com/p/C3miqu0vcsu/",
"🔥","https://www.instagram.com/p/DCJAaWDPm_7/",
"Semoga bisa menjernihkan","https://www.instagram.com/p/DCJAaWDPm_7/",
"Saya percaya banget dengan poltracking","https://www.instagram.com/p/DCJAaWDPm_7/",
"🔥","https://www.instagram.com/p/DCJAaWDPm_7/",
"Saya percaya dengan kredibilitas anda.","https://www.instagram.com/p/DCJAaWDPm_7/",
"🔥🔥🔥","https://www.instagram.com/p/DCJAaWDPm_7/",
"❤️","https://www.instagram.com/p/DCJAaWDPm_7/",
"Sukses Terus @poltracking Pak @hantayuda.ar dan Team 😍😍😍","https://www.instagram.com/p/DCJAaWDPm_7/",
"bersama @ridwankamil & @pak_suswono yuuk menangkan Jakarta!","https://www.instagram.com/p/DBfGSelT81B/",
"🔥","https://www.instagram.com/p/C3mbmJBvB5F/",
"🔥🔥🔥🔥","https://www.instagram.com/p/C3mbmJBvB5F/",
"🙌🔥","https://www.instagram.com/p/DCnSs7VylZD/",
"🔥🔥","https://www.instagram.com/p/DCnSs7VylZD/",
"Bismillah. 🤲🏼","https://www.instagram.com/p/DCi1nCKSHbo/",
"DKI kapan update?","https://www.instagram.com/p/DCi1nCKSHbo/",
"Keren 🔥","https://www.instagram.com/p/DDExheZPCVQ/",
"❤️❤️❤️🔥","https://www.instagram.com/p/DDExheZPCVQ/",
"🇮🇩🇮🇩🇮🇩🇮🇩🇮🇩","https://www.instagram.com/p/DDExheZPCVQ/",
"pilbub gak ada survei kah. di bangkalan..","https://www.instagram.com/p/DADrpQfPBAH/",
"🔥🔥🔥🔥🔥🔥🔥","https://www.instagram.com/p/DADrpQfPBAH/",
"🔥🔥🔥","https://www.instagram.com/p/DADrpQfPBAH/",
"🇲🇨🇲🇨🇲🇨","https://www.instagram.com/p/DNcTYlOvfFM/",
"🔥🔥🔥","https://www.instagram.com/p/DAWOUkqyNqJ/",
"Saya pernah kerja jadi surveyor dan kita benar2 ke lapangan dan bertanya langsung ke masyarakat. Jadi jawaban survey ini apa adanga👏","https://www.instagram.com/p/C4xzQvtP08K/",
"Selamat @poltracking","https://www.instagram.com/p/C4xzQvtP08K/",
"Paling akurat🔥🔥👏","https://www.instagram.com/p/C4xzQvtP08K/",
"Kolaborasi tanpa batas🔥 Mantap abangku👏","https://www.instagram.com/p/C35aup2viRX/",
"🇮🇩🇮🇩","https://www.instagram.com/p/C35aup2viRX/",
"❤️","https://www.instagram.com/p/C35aup2viRX/",
"Selamat ulang tahun Poltracking Indonesia 13 tahun perjalanan yang luar biasa sebagai lembaga survei akurat kredibel dan kompeten kontribusi bagi demokrasi di Indonesia sangat besar semoga semakin maju dan independen bangga dengan kiprah Poltracking di dunia survei","https://www.instagram.com/p/DNVshL7vdYc/",
"Selamat ulang tahun poltracking yang ke 13🔥sukses atas kiprah dan pencapaiannya di dunia survei .semoga semakin terdepan","https://www.instagram.com/p/DNVshL7vdYc/",
"🇲🇨🇲🇨🇲🇨","https://www.instagram.com/p/DNVshL7vdYc/",
"Selamat Ulang Tahun Poltracking Indonesia, Manyaaalaa Taruss🔥🔥","https://www.instagram.com/p/DNVshL7vdYc/",
"Dirgahayu Poltracking Indonesia🇮🇩🔥","https://www.instagram.com/p/DNVshL7vdYc/",
"Best 😍🔥🔥🔥","https://www.instagram.com/p/DNVshL7vdYc/",
"Happy anniversary Poltracking! Semoga makin maju & independen.","https://www.instagram.com/p/DNVshL7vdYc/",
"Dirgahayu poltracking indonesia🇮🇩🇮🇩🇮🇩🇮🇩🇮🇩","https://www.instagram.com/p/DNVshL7vdYc/",
"Selamat ulang tahun ke 13 Poltracking Indonesia, semoga bisa terus menjaga demokrasi di Indonesia, semakin maju dan independen","https://www.instagram.com/p/DNVshL7vdYc/",
"Selamat ulang tahun poltracking Indonesia ke 13. 🔥🔥","https://www.instagram.com/p/DNVshL7vdYc/",
"selamat ulang tahun untuk Poltracking Indonesia semoga bisa semakin berkembang pesat dan semakin berjaya congrats","https://www.instagram.com/p/DNVshL7vdYc/",
"Selamat ulang tahun yg ke 13 Poltraking Indonesia, luar biasa emang 13 tahun sebagai lembaga survei yang akurat, kredibel, dan kompeten","https://www.instagram.com/p/DNVshL7vdYc/",
"Selamat ulang tahun ke 13 Poltracking Indonesia, 
2semoga bisa terus mewarnai demokrasi Indonesia, menjadi lembaga survei yang akurat, kredibel, dan kompeten","https://www.instagram.com/p/DNVshL7vdYc/",
"Selamat ulang tahun ke 13 Poltracking Indonesia, semoga semakin maju dan menjadi lembaga survei yang akurat, kredibel, dan kompeten","https://www.instagram.com/p/DNVshL7vdYc/",
"Hasil Survei Poltracking membuktikan bahwa masyarakat puas terhadap kinerja tahun pertama Pemerintahan Pak Prabowo terutama di bidang pendidikan dan kesehatan.👏👏","https://www.instagram.com/p/DQMqJUcEpvA/",
"Semoga Sinergi Pemerintah Pusat dan daerah semakin kompak, agar rakyat semakin sejahtera dan Indonesia makin bersih dan bertumbuh.","https://www.instagram.com/p/DQMqJUcEpvA/",
"Survei poltracking ini Bisa menjadi bahan evaluasi buat pemerintah","https://www.instagram.com/p/DQMqJUcEpvA/",
"Pengambilan sampel yg tepat, sehingga hasilnya akurat. Manyalaa 🔥","https://www.instagram.com/p/DQMqJUcEpvA/",
"Survei Poltracking jadi cerminan tingkat kepuasan hingga kepercayaan masyarakat terhadap pemerintahan yg dipimpin Pak Prabowo","https://www.instagram.com/p/DQMqJUcEpvA/",
"Tingkat kepercayaan dan kepuasan publik terhadap pemerintahan diukur secara komprehensif melalui pendekatan ilmiah, mewakili seluruh provinsi di Indonesia dengan validasi metodologi sesuai standar riset nasional. 🇲🇨🇲🇨🇲🇨","https://www.instagram.com/p/DQMqJUcEpvA/",
"Survei = nasihat. Pemerintah hrus memperbaiki bbrp bidang yg mnjdi PR, dan memaksimalkan bidang2 yg sdh ckup stabil dn diapresiasi positit..","https://www.instagram.com/p/DQMqJUcEpvA/",
"Penting menjadi rujukan pemerintah untuk lebih baik","https://www.instagram.com/p/DQMqJUcEpvA/",
"Selalu kredibel","https://www.instagram.com/p/DQMqJUcEpvA/",
"Poltracaking dengan sistem ITnya yg canggih 🔥","https://www.instagram.com/p/DQMqJUcEpvA/",
"bidang ekonomi dan pemberantasan korupsi selalu jadi PR terbesar 😔","https://www.instagram.com/p/DQMqJUcEpvA/",
"Catatan penting utk pemerintah.. 👏👏","https://www.instagram.com/p/DQMqJUcEpvA/",
"Semoga hasil survei ini jadi motivasi untuk kerja lebih baik lagi!","https://www.instagram.com/p/DQMqJUcEpvA/",
"Harus noted si ini pemerintah, saya setuju semoga kesejahteraan cepat tercapai dan demokrasi terus bertumbuh.","https://www.instagram.com/p/DQMqJUcEpvA/",
"Apresiasi untuk risetnya. Semoga evaluasi ini jadi dorongan untuk perubahan positif.","https://www.instagram.com/p/DQMqJUcEpvA/",
"🔥🔥","https://www.instagram.com/p/DCjWt14SyqQ/",
"Semoga tahun 2026 membawa keberkahan utk kita. Aamiin ya Allah","https://www.instagram.com/p/DS9JO9UEUzT/",
"Terus menjaga intergritas 🔥🔥🔥👏","https://www.instagram.com/p/DQJI8eQkeDv/",
"🔥🔥🔥👏👏","https://www.instagram.com/p/DQJI8eQkeDv/",
"🔥🔥🔥","https://www.instagram.com/p/DQJI8eQkeDv/",
"👏👏👏","https://www.instagram.com/p/DQJI8eQkeDv/",
"Luar biasa 👏😊","https://www.instagram.com/p/DQJI8eQkeDv/",
"🔥🔥👏🏻","https://www.instagram.com/p/DQJI8eQkeDv/",
"🇲🇨🇲🇨🇲🇨","https://www.instagram.com/p/DQJI8eQkeDv/",
"🙌🙌","https://www.instagram.com/p/DQJI8eQkeDv/",
"Menyala Poltracking 🔥","https://www.instagram.com/p/DQJI8eQkeDv/",
"Poltracking Terbaik💯","https://www.instagram.com/p/DQJI8eQkeDv/",
"terbaik 💯💯💯","https://www.instagram.com/p/DQJI8eQkeDv/",
"Tetap jaga integritas 🔥👏","https://www.instagram.com/p/DQJI8eQkeDv/",
"💯💯🔥🔥","https://www.instagram.com/p/DQJI8eQkeDv/",
"👏👏","https://www.instagram.com/p/DQJI8eQkeDv/",
"Peliputan media yang masif ini membuktikan betapa penting dan terpercayanya hasil survei Poltracking dalam mengawal perjalanan demokrasi di Indonesia. 🔥🔥","https://www.instagram.com/p/DQJI8eQkeDv/",
"Bang release hasil survei terbaru DKI jakarta dong. Sya selalu percaya ama hasil survey nya dr POLTRACKING","https://www.instagram.com/p/DCdMhRqPViY/",
"🔥","https://www.instagram.com/p/DCdMhRqPViY/",
"🔥🔥🔥","https://www.instagram.com/p/DCdMhRqPViY/",
"02 sy blm pernah lihat pegang C1 real count","https://www.instagram.com/p/C3SkrGyP_-U/",
"Survei jelaskan sampai sekarang keluar pak.dr sempling itu ko CPT sekali angka 50 % lebih","https://www.instagram.com/p/C3SkrGyP_-U/",
"Mas hanta Yuda klo di tv keren banget argumenya, ijin follow mas","https://www.instagram.com/p/C3SkrGyP_-U/",
"Semoga survei nya sama dengan realckunt nya 🔥","https://www.instagram.com/p/C3SkrGyP_-U/",
"Salam dari  bogor selatan,  dekat arrayan","https://www.instagram.com/p/C3SkrGyP_-U/",
"Assalaaam, ,, Pak direktur. Sehat2 selalu . Ramdhan d arrayyan gmna ni pak?","https://www.instagram.com/p/C3SkrGyP_-U/",
"Permisi pak.. kalau hasil quickcount itu di publikasi dimana ya? Ada data tps mana aja yg disampling gak? Jd pengen belajar surve surve","https://www.instagram.com/p/C3SkrGyP_-U/",
"🔥","https://www.instagram.com/p/C3SkrGyP_-U/",
"mantap.. jadi kangen pas volunteer dari tahun 2013 sampai 2022 lalu wkwk..","https://www.instagram.com/p/C3SkrGyP_-U/",
"Si @eepsfatah mana? Katanya 02 harus kalah gimana sich, cuma statemen doank kayanya.","https://www.instagram.com/p/C3SkrGyP_-U/",
"gak yakin lembaga survey netral😂😂😂😂","https://www.instagram.com/p/C3SkrGyP_-U/",
"🔥🔥","https://www.instagram.com/p/C3SkrGyP_-U/",
"👏🔥","https://www.instagram.com/p/C3SkrGyP_-U/",
"👏🔥👏","https://www.instagram.com/p/DQI1Pv2EUhr/",
"🔥🔥🔥🔥","https://www.instagram.com/p/DQI1Pv2EUhr/",
"🔥🔥","https://www.instagram.com/p/DQI1Pv2EUhr/",
"🔥👏🤩","https://www.instagram.com/p/DQI1Pv2EUhr/",
"🔥🔥🔥","https://www.instagram.com/p/DQI1Pv2EUhr/",
"🔥🔥👏","https://www.instagram.com/p/DQI1Pv2EUhr/",
"🔥🔥🔥🔥🔥","https://www.instagram.com/p/DQI1Pv2EUhr/",
"👏😊","https://www.instagram.com/p/DQI1Pv2EUhr/",
"Bangga mengawal Demokrasi Indonesia 🔥","https://www.instagram.com/p/DQI1Pv2EUhr/",
"Mantap kali. Lengkap datanya","https://www.instagram.com/p/DQI1Pv2EUhr/",
"👏","https://www.instagram.com/p/DQI1Pv2EUhr/",
"🔥💯💯💯🔥","https://www.instagram.com/p/DQI1Pv2EUhr/",
"Hasil survei yang ditunggu tunggu Publik sudah rilis! maju terus Poltracking Indonesia🔥🔥","https://www.instagram.com/p/DQI1Pv2EUhr/",
"🇲🇨🇲🇨🇲🇨","https://www.instagram.com/p/DQI1Pv2EUhr/",
"Sinyal positif dr masyarakat atas kinerja pemerintah, smga jd modal kedepan unt memaksimalkan agenda pembangunan👍","https://www.instagram.com/p/DQI1Pv2EUhr/",
"Semoga berjalan jujur yaa hangan curang2❤️","https://www.instagram.com/p/C3RssGyveG0/",
"Bismillah. 🤲🏼","https://www.instagram.com/p/C3RssGyveG0/",
"GO Poltracking! 👏","https://www.instagram.com/p/C3RssGyveG0/",
"Gak usah ada pemilu, langsung aja lantik 02.","https://www.instagram.com/p/DBSyS2DPqBR/",
"Mau pilih 01 😂😂😂😂kocak","https://www.instagram.com/p/DBSyS2DPqBR/",
"Semangat pemuda pembawa harapan bangsa 🔥","https://www.instagram.com/p/DQWECcgEb3R/",
"💪🏼🇮🇩","https://www.instagram.com/p/DQWECcgEb3R/",
"Pemuda menggetarkan dunia 🔥","https://www.instagram.com/p/DQWECcgEb3R/",
"🇲🇨🇲🇨🇲🇨","https://www.instagram.com/p/DQWECcgEb3R/",
"Menarik nih, pengen tahu hasil evaluasi Poltracking soal kinerja pemerintah setahun ini.👏","https://www.instagram.com/p/DP-JzpUkjgL/",
"🇲🇨🇲🇨🇲🇨🇲🇨","https://www.instagram.com/p/DP-JzpUkjgL/",
"Wah mantap nih ya salut banget buat Poltracking yang tetap konsisten dalam memantau kinerja pemerintah sesuai dengan data bukan hanya opini semata","https://www.instagram.com/p/DP-JzpUkjgL/",
"Wajib nonton sih, jadi penasaran evaluasi poltracking tahun ini. Tetap transparan agar masyarakat bisa melihat","https://www.instagram.com/p/DP-JzpUkjgL/",
"Semoga terus menjadi lembaga yang independen dan memberikan kontribusi penting bagi demokrasi dan pemerintahan yang baik di Indonesia.","https://www.instagram.com/p/DP-JzpUkjgL/",
"Wajib nonton nih, live via youtube hasil evaluasi dari Poltracking setahun pemerintahan prabowo dan gibran rakabuming","https://www.instagram.com/p/DP-JzpUkjgL/",
"Penasaran banget nunggu hasil evaluasi setahun ini dari Poltracking. Semoga tetap objektif seperti biasa, biar publik juga dapat gambaran jelas perkembangan pemerintahan.","https://www.instagram.com/p/DP-JzpUkjgL/",
"Salut buat Poltracking yang konsisten memantau kinerja pemerintah dengan data, bukan opini👏","https://www.instagram.com/p/DP-JzpUkjgL/",
"Penasaran banget sama hasil evaluasi Poltracking tahun ini, semoga tetap objektif dan transparan kayak biasanya 👀”","https://www.instagram.com/p/DP-JzpUkjgL/",
"Evaluasi tahunan kayak gini penting banget buat lihat arah kebijakan ke depan.","https://www.instagram.com/p/DP-JzpUkjgL/",
"Hasil Evaluasi Kinerja pemerintahan Prabowo Gibran emang lagi ditunggu tunggu, nggak terasa ya pemerintahan ini udah berjalan setahun.👏👏","https://www.instagram.com/p/DP-JzpUkjgL/",
"Referensi demokrasi","https://www.instagram.com/p/DP-JzpUkjgL/",
"Kita berharap Poltracking semakin maju dan tetap independen, tdk bisa disetir oleh pihak manapun. Happy birthday!","https://www.instagram.com/p/DNVSD4VPrXR/",
"Selamat ulang tahun Poltracking Indonesia ke 13 semoga semakin maju dan independen bangga dengan kontribusi bagi demokrasi di Indonesia","https://www.instagram.com/p/DNVSD4VPrXR/",
"Selamat ulang tahun 👏 untuk poltracking, gak kerasa udah 13 tahun menemani ,semoga kedepan semakin maju dan independen sukses teruuus🔥","https://www.instagram.com/p/DNVSD4VPrXR/",
"Selamat ulang tahun poltracking Indonesia. Semoga semakin maju dan makin baik lagi. Sukses selalu 🔥🔥","https://www.instagram.com/p/DNVSD4VPrXR/",
"Selamat ulang tahun ke 13 Poltracking Indonesia, semoga bisa terus mewarnai demokrasi Indonesia dengan survei yang akurat, kredibel dan kompeten","https://www.instagram.com/p/DNVSD4VPrXR/",
"Wah selamat ulang tahun ke 73 buat poltracking semoga makin sukses dan selalu mengawal demokrasi dengan baik","https://www.instagram.com/p/DNVSD4VPrXR/",
"Selamat ulang tahun yang ke-13, Poltracking Indonesia! Terima kasih atas kontribusinya dalam menjaga demokrasi di Indonesia dengan data yang akurat, kredibel, dan kompeten selama ini. Bangga! Semoga semakin sukses, maju, dan tetap independen. 💪🇮🇩","https://www.instagram.com/p/DNVSD4VPrXR/",
"🇲🇨🇲🇨🇲🇨","https://www.instagram.com/p/DNVSD4VPrXR/",
"Selamat.. Semoga sukses selalu dan senantiasa memberikan yang terbaik dan manfaat untuk bangsa ini.","https://www.instagram.com/p/DNVSD4VPrXR/",
"Selamat ulang tahun yg ke 13 semoga semakin sukses dan imaju sbg salah satu lembaga survei yg akurat,kredibel dan kompeten..bravo","https://www.instagram.com/p/DNVSD4VPrXR/",
"selamat ulang tahun ke 13 Poltracking Indonesia, semoga bisa semakin maju dan independen, sebagai pembaga survei yang akurat, kredibel, dan kompeten","https://www.instagram.com/p/DNVSD4VPrXR/",
"wah selamat ulang tahun untuk poltracking makin berkembang terus makin maju dan makin di kenal","https://www.instagram.com/p/DNVSD4VPrXR/",
"❤❤","https://www.instagram.com/p/C34U6cKvdRA/",
"Semoga sesuai amanah Masyarakat responden😂","https://www.instagram.com/p/C34U6cKvdRA/",
"🔥🔥🔥","https://www.instagram.com/p/DCGrE2EP1HH/",
"Saya bersaksi bahwa poltracking indonesia, merupakan lembaga yg selalu menjaga kredibilitas dan integritas","https://www.instagram.com/p/DCGrE2EP1HH/",
"🔥🔥🔥","https://www.instagram.com/p/DCGrE2EP1HH/",
"🔥🔥","https://www.instagram.com/p/DCGrE2EP1HH/",
"🔥","https://www.instagram.com/p/DCGrE2EP1HH/",
"Survey Pilpres Poltracking paling mendekati akurat. Saya percaya dg hasil survey pilgub Jakarta kemarin 🙌","https://www.instagram.com/p/DCGrE2EP1HH/",
"Respondennya kalau di web 1220 respondrn","https://www.instagram.com/p/C3IKKDjPAA6/",
"Mas utk luar negeri sdh ada updatenya???","https://www.instagram.com/p/C3IKKDjPAA6/",
"Admin untuk informasi loker tenaga surveyor di lapangan dimana ya?","https://www.instagram.com/p/C3IKKDjPAA6/",
"Banteng2 ketaton Jawa Timur 🤟","https://www.instagram.com/p/C3IKKDjPAA6/",
"Sebagian besar pemilih masih punya waktu untuk berfikir. Mengingat persaingan yang cukup ketat diantara Paslon. Banyak teori2 baru bermunculan semoga bisa diperhatikan demi keberlangsungan masa depan indonesia yang lebih baik. Saya bangga pernah menjadi bagian dari ini.","https://www.instagram.com/p/C29v6RtvQd5/",
"Yang bingung hasil survey mana yg dapat dipercaya, silahkan cek di browser, Roy Morgan, lembaga dari Australia, saya yakin lembaga netral dari reputasi dia mengenai hasil survey dan real count pemiku 2019 cuma selisih -+1,5%, beberapa hari lalu Roy Morgan juga merilis hasil survey, saya yakin itu kredible dan sesuai yg ada dilapangan saat ini, gak usah pada berantem, tunggu tgl 14","https://www.instagram.com/p/C29v6RtvQd5/",
"Grup penipu.... 😂 polltipu😂😂😂","https://www.instagram.com/p/C29v6RtvQd5/",
"hasilnya gimna sy ketinggalan","https://www.instagram.com/p/C29v6RtvQd5/",
"Saya salah satu surveyor di poltracking jatim 6 dulu dalam durasi wawancara 1jam lebih dengan responden terpilih melalui random sampling jadi untuk hak bersura benar-benar rill tanpa adanya paksaan manapun🔥","https://www.instagram.com/p/C29v6RtvQd5/",
"Saya salah satu Surveyor dari  @poltracking Jatim 9. kurang lebih Durasi 1 satu jam kami wawancara dengan Responden yang terpilih.","https://www.instagram.com/p/C29v6RtvQd5/",
"Ada kejutan-kejutan ngak yaaa.?","https://www.instagram.com/p/C29v6RtvQd5/",
"Harusnya pas beres debat terakhir","https://www.instagram.com/p/C29v6RtvQd5/",
"Real count aja ga usah survei 😂😂","https://www.instagram.com/p/C29v6RtvQd5/",
"🇲🇨🇲🇨🇲🇨","https://www.instagram.com/p/DQdTwRMki9E/",
"Hidup demokrasi butuh rem dan gas! Oposisi adalah rem yang sehat.🔥🔥🔥","https://www.instagram.com/p/DQdTwRMki9E/",
"Setuju. Perlu ada penyeimbang supaya neraca pemerintahan tidak berjalan berat sebelah","https://www.instagram.com/p/DQdTwRMki9E/",
"Benr banget, perlu adanya oposisi agar keseimbangan dalam demokrasi tetap terjaga 🔥🔥🔥","https://www.instagram.com/p/DQdTwRMki9E/",
"kita tetap butuh oposisi untuk penyeimbang👍","https://www.instagram.com/p/DQdTwRMki9E/",
"Oposisi yang sehat itu penting, supaya kebijakan pemerintah tetap seimbang dan terawasi👍👍","https://www.instagram.com/p/DQdTwRMki9E/",
"Demokrasi sehat harus ada oposisi. Fungsi check and balance harus berjalan.","https://www.instagram.com/p/DQdTwRMki9E/",
"Pemerintahan butuh oposisi, pemrintah tanpa oposisi bagai sayur tanpa garam","https://www.instagram.com/p/DQdTwRMki9E/",
"analisa tajam dan penuh ilmu sebagai penyeimbang demokrasi","https://www.instagram.com/p/DQdTwRMki9E/",
"Tanpa oposisi apa jadinya demokrasi negeri ini, setuju dengan penjelasan tajam Pak Hanta. Ntaps","https://www.instagram.com/p/DQdTwRMki9E/",
"Survei terbaru DKI jakarta dong min pengen tau update nya","https://www.instagram.com/p/DCqcCBLvtmv/",
"🔥🔥","https://www.instagram.com/p/DCqcCBLvtmv/",
"@fawwaz.a13 ada ente waz wkwk","https://www.instagram.com/p/DC6iDhqvgma/",
"pilkada 2024 saya jdi bgian dari poltracking indonesia😍 pengalaman pertama dan luar biasa dan saya mnjadi tau bgaiman poltracking mmperoleh data2nya😍🔥","https://www.instagram.com/p/DC6iDhqvgma/",
"🔥🔥","https://www.instagram.com/p/DC6iDhqvgma/",
"Terbaik dan in the best","https://www.instagram.com/p/DC6iDhqvgma/",
"DKI 1 Putaran?","https://www.instagram.com/p/DC6iDhqvgma/",
"poltracking akurat~kredibel~kompeten.. poltracking jaya jaya jaya 👏🏻💪🏻👍🏻","https://www.instagram.com/p/DC6iDhqvgma/",
"Jaya selalu Poltracking Indonesia! 🇮🇩","https://www.instagram.com/p/DC6iDhqvgma/",
"🔥🔥🔥","https://www.instagram.com/p/DC6iDhqvgma/",
"🙌","https://www.instagram.com/p/DC6iDhqvgma/",
"Lebih baik hanya menggelar pemilihan di 3rb TPS yg sudah ditentukan mau dijadikan sampel quickcount.  Hemat biaya gak perlu 800rb TPS, toh hasilnya sama","https://www.instagram.com/p/C3R7e3hPoIM/",
"Dipublikasi dong, tps mana2 aja yg di ambil sampelnya, biar masyarakat juga bisa ngitung.","https://www.instagram.com/p/C3R7e3hPoIM/",
"Mantap Poltracking","https://www.instagram.com/p/C3R7e3hPoIM/",
"Semoga akurat dan amanah","https://www.instagram.com/p/C3R7e3hPoIM/",
"jadi kangen volunteeran jaman pemilu 2014 deh","https://www.instagram.com/p/C3R7e3hPoIM/",
"lembaga survey bisa dibayar#ucap prabowo😂😂😂","https://www.instagram.com/p/C3R7e3hPoIM/",
"👏","https://www.instagram.com/p/C3R7e3hPoIM/",
"Mantabb poltraking","https://www.instagram.com/p/C3R7e3hPoIM/",
"akurat konkrit..poltracking🔥🔥🔥","https://www.instagram.com/p/C3R7e3hPoIM/",
"🔥👏👏 semoga akurat","https://www.instagram.com/p/C3R7e3hPoIM/",
"PALING TERPERCAYA","https://www.instagram.com/p/C3R7e3hPoIM/",
"🇮🇩🇮🇩🇮🇩🇮🇩","https://www.instagram.com/p/C3R7e3hPoIM/",
"Taqabbalallahu minna wa minkum shiyamana wa shiyamakum wa taqabbal yaa kariim, mohon maaf lahir dan batin. Selamat lebaran rekan2 semua. 🙏🏼","https://www.instagram.com/p/C5iwjgiPWJm/",
"Yang di kalteng itu ndak salah min? Coba di periksa dulu , harusnya koyem-shd yg menang.. harus teliti  loh @poltracking","https://www.instagram.com/p/DDECS0mPvv6/",
"🔥🔥🔥","https://www.instagram.com/p/DDECS0mPvv6/",
"Mantaps 🔥🔥🔥","https://www.instagram.com/p/DQwaym9EtBg/",
"Bravo bravo 👏","https://www.instagram.com/p/DQwaym9EtBg/",
"Luar biasaaa 👏👏👏","https://www.instagram.com/p/DQwaym9EtBg/",
"Semakin berjaya🔥","https://www.instagram.com/p/DQwaym9EtBg/",
"🇲🇨🇲🇨🇲🇨","https://www.instagram.com/p/DQwaym9EtBg/",
"istimewa👏","https://www.instagram.com/p/DQwaym9EtBg/",
"banyaknya media yang meliput membuktikan bahwa Poltracking adalah lembaga yang sangat dipercaya oleh publik.. 🔥🔥","https://www.instagram.com/p/DQwaym9EtBg/",
"Berkelas berkualitas,.","https://www.instagram.com/p/DQwaym9EtBg/",
"Pendukung ya harus memberitakan yg di dukung secara masif, gitu gak sih konsepnya???","https://www.instagram.com/p/DQwaym9EtBg/",
"Luar biasa, tetap semangat dan tetap jaya ✊ selalu poltracking indonesia👍","https://www.instagram.com/p/DQwaym9EtBg/",
"Akurat, Kredibel, dan kompeten 🔥🔥🔥","https://www.instagram.com/p/DQwaym9EtBg/",
"Bukti bahwa Poltracking tetap jadi rujukan yg kredibel","https://www.instagram.com/p/DQwaym9EtBg/",
"Integritas yg sudah teruji, Poltracking jdi rujukan terpercaya media2","https://www.instagram.com/p/DQwaym9EtBg/",
"Atur sajalah terserah kalian, kn kalian yg punya negara para termul😂😂😂 nipu rakyat smoga seluruh kluarga klian abadi di neraka","https://www.instagram.com/p/DQwaym9EtBg/",
"❤🔥🔥","https://www.instagram.com/p/C3YBCmovY5z/",
"🇮🇩🇮🇩🇮🇩🇮🇩","https://www.instagram.com/p/C3YBCmovY5z/",
"🔥🔥🔥","https://www.instagram.com/p/DQZP62OEmpB/",
"Semakin berjaya🔥 🔥","https://www.instagram.com/p/DQZP62OEmpB/",
"Prabowo-Gibran yang benar-benar serius untuk membangun Indonesia. semoga tetap amanah.🔥🔥","https://www.instagram.com/p/DQZP62OEmpB/",
"Energi politik 🔥","https://www.instagram.com/p/DQZP62OEmpB/",
"Menjadi pertanyaan besar kala tingkat kepuasan publik terhadap Presiden Prabowo di periode pertama pemerintahannya di bawah 80%. Apakah seiring waktu akan membaik?","https://www.instagram.com/p/DQZP62OEmpB/",
"Analisa yg tajam","https://www.instagram.com/p/DQZP62OEmpB/",
"Politiknya memadai, publik relatif mendukung, tinggal fokus sj itu Pak Prabowo sm kerja kerjanya","https://www.instagram.com/p/DQZP62OEmpB/",
"Menuju Indonesia lebih baik","https://www.instagram.com/p/DQZP62OEmpB/",
"Modal awal politik yang cukup besar 🔥","https://www.instagram.com/p/DQZP62OEmpB/",
"Para pembantu presiden harus bisa membuktikan kinerjanya.","https://www.instagram.com/p/DQZP62OEmpB/",
"Ditunggu deh gmn program2 unggulannya bisa bener2 bawa manfaat buat rakyat","https://www.instagram.com/p/DQZP62OEmpB/",
"janji-janji kampanye harus segera ditunaikan untuk mendapatkan kepercayaan publik semakin tinggi","https://www.instagram.com/p/DQZP62OEmpB/",
"semoga pak prabowo dan jajaran nya tetap konsisten dalam mengemban amanah ini","https://www.instagram.com/p/DQZP62OEmpB/",
"Jadi mestinya hrs bisa lbh baik dong pak prabowo, apalagi skrg dukungan politiknya banyak beda ky zaman Jokowi","https://www.instagram.com/p/DQZP62OEmpB/",
"Sangat sangat berintegritas 👍","https://www.instagram.com/p/DC1KMc3Pfyu/",
"@angkidalemeng @enigma_error27","https://www.instagram.com/p/DC1KMc3Pfyu/",
"Realese utk survei terakhir DKI mana bang?","https://www.instagram.com/p/DC1KMc3Pfyu/",
"👏👏👏","https://www.instagram.com/p/DC1KMc3Pfyu/",
"🇮🇩🇮🇩🇮🇩🇮🇩🇮🇩","https://www.instagram.com/p/DC1KMc3Pfyu/",
"kalau untuk kalteng ada gak survei elektabilitasnya?","https://www.instagram.com/p/DAeoK6WzNuY/",
"Bengkulu mana min","https://www.instagram.com/p/DC3cJiUPJTN/",
"Menyala🔥🙌","https://www.instagram.com/p/C37QKyJvGsk/",
"🇮🇩🇮🇩","https://www.instagram.com/p/C37QKyJvGsk/",
"🇲🇨🇲🇨🇲🇨","https://www.instagram.com/p/DQ3x_PeEa2W/",
"🔥🔥🔥","https://www.instagram.com/p/DQ3x_PeEa2W/",
"Desainnya mantul! Bener-bener menggambarkan semangat kepahlawanan 👏","https://www.instagram.com/p/DQ3x_PeEa2W/",
"🔥🇮🇩","https://www.instagram.com/p/DQ3x_PeEa2W/",
"Menjadi pahlawan tak harus berperang, tapi cukup dengan memberi manfaat bagi sesama.🔥🔥","https://www.instagram.com/p/DQ3x_PeEa2W/",
"Terimakasih para pahlawan, atas segala pengorbanan 🙏","https://www.instagram.com/p/DQ3x_PeEa2W/",
"Selamat Hari Pahlawan, Mari kita kenang para pejuang yang telah berkorban tanpa pamrih demi kemerdekaan bangsa 🇮🇩","https://www.instagram.com/p/DQ3x_PeEa2W/",
"Wah mantap nih ya bangga akhirnya ada  lembaga Quick qount Poltracking yang bagus dan sangat akurat, semoga bisa terus mengawal demokrasi dengan baik","https://www.instagram.com/p/DNDaUdyPAIL/",
"Hasilnya disampaikan lugas dan netral, mantap","https://www.instagram.com/p/DNDaUdyPAIL/",
"Poltracking luar biasa! Quick count yang transparan dan akurat, mari kita simak hasilnya dengan bijak demi demokrasi yang sehat","https://www.instagram.com/p/DNDaUdyPAIL/",
"Bangga deh ada lembaga riset yang profesional seperti ini, karna proses perhitungan berjalan secara terbuka dan akurat, dan bisa dipantau langsung sama masyarakat","https://www.instagram.com/p/DNDaUdyPAIL/",
"Salut untuk tim Poltracking, kerja profesional!","https://www.instagram.com/p/DNDaUdyPAIL/",
"Mantap Poltracking, quick count-nya jelas dan rapi.","https://www.instagram.com/p/DNDaUdyPAIL/",
"Apresiasi untuk Poltracking atas quick count PSU Papua yang transparan dan akurat. Ini momen penting bagi demokrasi kita. Hadirnya lembaga riset profesional seperti Poltracking menunjukkan komitmen menjaga proses yang sehat dan terbuka. Semoga hasilnya disikapi dengan dewasa, dan edukasi politik berbasis data terus berlanjut ke depan.🔥❤️","https://www.instagram.com/p/DNDaUdyPAIL/",
"Cepat, ringkas, dan akurat—pas banget buat highlight.","https://www.instagram.com/p/DNDaUdyPAIL/",
"Apresiasi setinggi-tingginya untuk Poltracking atas pelaksanaan quick count yang transparan dan akurat. Ini adalah bukti nyata bahwa lembaga riset independen mampu berperan penting dalam memperkuat proses demokrasi, termasuk di wilayah strategis seperti Papua. Momen ini menjadi cermin kemajuan literasi politik kita sebagai bangsa. Semoga semua pihak dapat menyikapi hasil dengan kedewasaan dan menjunjung tinggi martabat demokrasi. Mari terus dukung hadirnya edukasi politik yang berbasis data dan terpercaya demi Indonesia yang lebih baik","https://www.instagram.com/p/DNDaUdyPAIL/",
"Poltracking memang ahlinya quick count","https://www.instagram.com/p/DNDaUdyPAIL/",
"Mantab,survei berimbang tidak tersetir kepentingan politik pihak manapun,semoga pilkada papua berjalan lancar dan sehat","https://www.instagram.com/p/DNDaUdyPAIL/",
"Quick Count adalah alat penting untuk transparansi pemilu. Mari kita tunggu hasil resmi sambil menghargai setiap suara yang telah diberikan oleh masyarakat Papua","https://www.instagram.com/p/DNDaUdyPAIL/",
"Keren, hasil quick count-nya disajikan transparan.","https://www.instagram.com/p/DNDaUdyPAIL/",
"Proses demokrasi perlu kesabaran, QC hanya salah satu tahap","https://www.instagram.com/p/DNDaUdyPAIL/",
"Mari tunggu hasil sah, quick count cukup untuk jadi rujukan sementara","https://www.instagram.com/p/DNDaUdyPAIL/",
"🔥🔥🔥","https://www.instagram.com/p/DCp27N1Ty3d/",
"Bojonegoro horor... 😂","https://www.instagram.com/p/DDDqSRUSXvU/",
"3","https://www.instagram.com/p/DDDqSRUSXvU/",
"🇮🇩🇮🇩🇮🇩🇮🇩","https://www.instagram.com/p/DDDqSRUSXvU/",
"5 th lagi risma sih kekny jd gub, lawanny nanti si emil","https://www.instagram.com/p/DDDqSRUSXvU/",
"🔥🔥","https://www.instagram.com/p/DDDqSRUSXvU/",
"berarti Jakarta hanya 1 putaran ?","https://www.instagram.com/p/DDDqSRUSXvU/",
"🔥","https://www.instagram.com/p/DCtNZy1vPrZ/",
"🔥🔥🔥","https://www.instagram.com/p/DCtNZy1vPrZ/",
"😮","https://www.instagram.com/p/C3FATn1v8R_/",
"2 sekali putaran","https://www.instagram.com/p/C3FATn1v8R_/",
"@@suryoprabowo2011 sambil ngopi dan","https://www.instagram.com/p/C3FATn1v8R_/",
"@aniesbaswedan @cakiminow @ganjar_pranowo @mohmahfudmd liat besok sore sambil ngopi","https://www.instagram.com/p/C3FATn1v8R_/",
"@sherlyannavita","https://www.instagram.com/p/C3FATn1v8R_/",
"GASPOOLL GANJAR-MAHFUD 🇲🇨🇲🇨🇲🇨🇲🇨🇲🇨","https://www.instagram.com/p/C3FATn1v8R_/",
"🔥🔥🔥🔥","https://www.instagram.com/p/C3FATn1v8R_/",
"Aroma"" sekali putaran wkwkwk🔥","https://www.instagram.com/p/C3FATn1v8R_/",
"Pragi","https://www.instagram.com/p/C3FATn1v8R_/",
"Aroma2nya 57% 🔥🔥🔥","https://www.instagram.com/p/C3FATn1v8R_/",
"T I G A","https://www.instagram.com/p/C3FATn1v8R_/",
"@aminajaduluid","https://www.instagram.com/p/C3FATn1v8R_/",
"Jelas no 2","https://www.instagram.com/p/C3FATn1v8R_/",
"No 2","https://www.instagram.com/p/C3FATn1v8R_/",
"🔥🔥🔥","https://www.instagram.com/p/C3FATn1v8R_/",
"🔥","https://www.instagram.com/p/DC3Q3DlPVpX/",
"Kapan","https://www.instagram.com/p/DC3Q3DlPVpX/",
"Bismillah gaspoll🔥","https://www.instagram.com/p/DC1AxZdPYq1/",
"DKI gmna min","https://www.instagram.com/p/DC1AxZdPYq1/",
"Bismillah 🤲🏼","https://www.instagram.com/p/DC1AxZdPYq1/",
"Lutfhi Wahid menang 🔥😍","https://www.instagram.com/p/DC1AxZdPYq1/",
"Saya mendukung 03 Calon jadi Gubernur karena lihat hasil kerja beliau yang sepertinya mengutamakan kepentingan masyarakat. Semoga dia bisa buktikan janjinya dan bawa perubahan positif buat daerah kita. Saya yakin 03 Calon bisa dipercaya dan diandalkan buat mewakili aspirasi kita sebagai rakyat.","https://www.instagram.com/p/DBXpMGLvfZ2/",
"Ka @mayaefriantii","https://www.instagram.com/p/DBXpMGLvfZ2/",
"Tolong dukung ulun @jeremytuwaan","https://www.instagram.com/p/DBXpMGLvfZ2/",
"🇮🇩🇮🇩🇮🇩","https://www.instagram.com/p/C-wmgBQPXKK/",
"Yuk kita simak live Quick Count PSU Papua bareng Poltracking!
Data cepat & terpercaya untuk kawal suara rakyat.","https://www.instagram.com/p/DNAIdYJPz4b/",
"Wah yuk bersama-sama buat ikut menyaksikan live Quick Count PSU Papua dari Poltracking demi terlaksananya pilkada lancar dan sukses","https://www.instagram.com/p/DNAIdYJPz4b/",
"""Ikuti live Quick Count PSU Papua dengan Poltracking! Kami menyediakan data cepat & akurat sebagai sumber informasi terpercaya. Transparansi & pengawasan publik kunci demokrasi yang sehat.""","https://www.instagram.com/p/DNAIdYJPz4b/",
"Biar gak penasaran, mending nanti kita sama2 ikuti Poltracking Quick Count PSU Papua","https://www.instagram.com/p/DNAIdYJPz4b/",
"Belum 100% sudh off 🙌 baru sampe 98,2 % 👏 ❤️","https://www.instagram.com/p/DNAIdYJPz4b/",
"Sapa ya yg bakal unggul, mending kita saksiin ja live Quick Count PSU Papua, biar tau langsung","https://www.instagram.com/p/DNAIdYJPz4b/",
"Yuk simak live Quick Count PSU Pilkada Papua 2025 bersama Poltracking, hari ini pukul 15.00 WIB!
Pantau hasil cepat dan akurat dari lembaga kredibel, Poltracking – sumber informasi terpercaya untuk demokrasi yang lebih transparan.","https://www.instagram.com/p/DNAIdYJPz4b/",
"Demokrasi sehat butuh transparansi. Yuk, pantau Quick Count PSU Papua dari Poltracking sekarang juga.🔥","https://www.instagram.com/p/DNAIdYJPz4b/",
"Pantau terus Quick Count PSU Pilkada Papua 2025 bersama Poltracking. Sebagai lembaga yang akurat dan kredibel, Poltracking hadir untuk memberikan data cepat sebagai wujud pengawasan publik yang transparan. Mari kawal proses demokrasi","https://www.instagram.com/p/DNAIdYJPz4b/",
"Yuk simak Quick Count PSU Papua dari Poltracking! Data cepat dan akurat dari lembaga kredibel penting untuk demokrasi yang transparan👍","https://www.instagram.com/p/DNAIdYJPz4b/",
