"url","text"
"https://frontier.co.id/business/","Business - Frontier
Home 
Business 
Explore Our Business Units 
Our company boasts a diverse range of specialized business units, each dedicated to delivering exceptional value in their respective sectors."
"https://frontier.co.id/business/frontier-technology/","Frontier Technology
Home 
Business 
Technology 
Frontier Technology is a leading marketing technology provider in Indonesia who has served enterprise clients in banking, ecommerce, telco and many other verticals. 
ABOUT
Frontier Technology specializes in creating marketing automation process through advanced data analytics, utilization, and custom applications. 
Marketing technology solutions such as email, Whatsapp, app engagement and many others to help companies better engage and communicate with their customers.
01
Marketing Automation
02
Sophisticated Custom Applications
PLATFORMS
Empowering Your Strategy with Our Platforms 
As the engine behind Frontier’s digital technologies, Frontier Apps always strives to deliver quality, state-of-the-art applications that are reliable and easy to use. 
The leading company in email, mobile marketing automation, growth marketing engine platform that helps companies to deliver exceptional 1 to 1 customer experience 
Spradz! is an all-in-one digital platform and influencer community for brand awareness. Take control of your promotions with our open dashboard! 
No-code Product Experience platform that helps product managers and marketers in boosting activation, conversions, adoption, and engagement using nudges and walkthroughs."
"https://frontier.co.id/business/frontier-digital/","Frontier Digital
ABOUT
Frontier Digital is a partner and problem solver that confidently provides sophisticated tools and digital strategies."
"https://frontier.co.id/business/frontier-research/","Frontier Research
Home 
Business 
Research 
Marketing Research Based in Indonesia Frontier Research 
Frontier Research is a leading marketing research agency in Indonesia who has served hundreds of local enterprises and government-related entities and multinational corporate. 
ABOUT
Frontier Research is among the few marketing research agencies in Indonesia who have deployed both offline and online methodologies to deliver research services. 
Frontier Research excels at various research methodologies to support and equip companies with relevant data, information and recommendations.
01
Customer Satisfaction & Loyalty Survey
02
Brand Equity Research
03
Value & Pricing Research
04
Behavioral Observation Study
05
Concept & Product Testing
06
Advertising & Communication Testing
07
Market Segmentation & Targeting Research
08
U&A (Usage & Attitude) Study
09
UX Research (User Experience)
10
Mystery Shopping
WHY CHOOSE FRONTIER RESEARCH
Data-Driven, Insight-Led
Frontier Research is not just about numbers. We transform numbers & data into relevant, actionable strategic insights for your business decisions.
Proven Expertise Since 1996
With more than 29 years of experience & hundreds of successful projects across industries, Frontier Research trusted by reputable brands both domestic & multinational.
Tech-Enabled Research
Utilizing cutting-edge technologies in the survey process, namely CAWI, CAPI, mobile dashboard & online panel for better efficiency, accuracy & reporting speed. Frontier Research also integrating Artificial Intelligence (AI) in the research process, starting from automated data cleaning, sentiment analysis, to predictive modeling.
COVERAGE
Comprehensive Coverage for Your Research Needs 
6
Total Direct Branch in Indonesia 
24
Total Indirect Branch in Indonesia 
1000+
Number of Field Interviewers 
PLATFORMS
Empowering Your Strategy with Our Platforms 
FIRE is an independent survey app to facilitate the data retrieval process from respondents to interviewers through internet connection. 
Q7 brings the unique concept of online survey platform where respondents can choose their preferred surveys and be rewarded after completion. 
Marketing Research Indonesia 
Frontier Research is a leading independent marketing research firm in Indonesia, serving local enterprises, government entities, and multinational corporations. With over two decades of experience, we employ both offline and online methodologies to deliver actionable insights, helping businesses navigate the diverse Indonesian market landscape.
Brand Equity Research Indonesia 
At Frontier Research, we specialize in brand equity research, providing businesses with in-depth analyses of brand awareness, loyalty, and customer perception across Indonesia's varied demographics. Our culturally-relevant methodologies and advanced analytics empower brands to strengthen their market positioning and long-term value.
How Frontier Research Can Help 
Frontier Research helps businesses in Indonesia make smarter, data-driven decisions through reliable and locally nuanced insights. Whether you're launching a new product, measuring brand performance, or exploring consumer behavior, our research solutions are designed to meet your unique objectives. With deep expertise in quantitative and qualitative methods, nationwide field capabilities, and a focus on practical outcomes, Frontier Research empowers brands to stay competitive and relevant in a dynamic market.
Market Research Agency 
As a premier market research agency in Indonesia, Frontier Research offers comprehensive services, including customer satisfaction surveys, behavioral studies, and pricing research. Our extensive network, comprising six direct branches, 24 indirect branches, and over 1,000 field interviewers, ensures nationwide coverage and reliable data collection."
"https://frontier.co.id/business/frontier-media-event/","Frontier Media & Event
Home 
Business 
Media & Event 
Majalah Marketing today is a leading B2B media featuring prominent business leaders and inspiring young professionals and entrepreneurs alike. 
ABOUT
The most convenient way for marketers to stay updated and engage audiences through well-prepared events 
TOP BRAND 
Analyzing & Understanding Brand Performance 
Majalah Marketing, in collaboration with Frontier Research, has produced TOP Brand Award, which is the number 1 branding award for companies and products in Indonesia since 2007.
Every year we interview over 100,000 consumers from 15 major cities across Indonesia about their awareness and purchase behavior to over 700 product categories. Ranging from BCA, Indomie and Sanyo all the way to Kopi Janji Jiwa and Halodoc, more than 2,000 brands receive TOP Brand award on annual basis.
Majalah Marketing, in collaboration with Frontier Research, has produced TOP Brand Award, which is the number 1 branding award for companies and products in Indonesia since 2007.
Every year we interview over 100,000 consumers from 15 major cities across Indonesia about their awareness and purchase behavior to over 700 product categories. 
Ranging from BCA, Indomie and Sanyo all the way to Kopi Janji Jiwa and Halodoc, more than 2,000 brands receive TOP Brand award on annual basis.
PLATFORMS
Provider of High Quality Experience and Insights 
Indonesia's leading marketing magazine, providing high quality and trusted articles on sales, services, advertising, and PR for over 18 years. 
Marketing.co.id is an online news portal offering insights and knowledge about marketing for self-improvement in the marketing field. 
EO One specializes in engaging events, fully organized by experienced teams for excellence in both process and results."
"https://frontier.co.id/business/frontier-capital/","Frontier Capital by Frontier
Jakarta-based VC who invest in early stage startups both local and overseas. 
Digital gold platform for trading and pawning, and is backed by one of the biggest jewelry companies in Indonesia. 
Electronic card reader provider whose notable project include Jaklingko which impacts the lives of millions of Jakartans every day. 
NTMY offers a subscription-based graphic design service, including brand development, social media, UI/UX design, and asset production. 
An online learning platform that provides students with access to campus programs through mobile app and web. 
Indonesia's largest shopper community with 2M+ social media followers, helping users to save money and businesses to generate traffic to their stores."
"https://frontier.co.id/business/frontier-education/","Frontier Education
Home 
Business 
Education 
Frontier Education is a leading corporate training service provider in Indonesia for 20+ years. 
ABOUT
Frontier Education offers professional, industry-focused training services for public and in-house clients. 
SERVICES
Empowerment Through Training 
In House Training Benefit 
Tailored modules & training materials, specifically to suit clients’ needs 
Specific case studies, made exclusively to make it relevant with clients’ experience 
The program limited to 20 – 25 persons to keep it small & focused 
Public Training Benefit 
Participant will be keep updated to the recent marketing trends, strategies & concepts 
Various topics from insightful trainers, scheduled to one year ahead 
The program limited to 20 – 25 persons to keep it small & focused 
PROGRAMS
A Look at Our Training Programs 
01
Customer Relationship Management
02
Strategic Brand Management
03
Sales Strategy"
"https://frontier.co.id/business/carre/","Carre
Home 
Business 
Carre 
Previously known as CCSL (Center for Customer Satisfaction & Loyalty), Carre Service Quality Monitoring is dedicated to help companies to improve their service quality. 
ABOUT
Helping companies in providing recommendations and insights for service improvements. 
Carre Service Quality Monitoring offers a holistic system for reliable management of companies’ service quality, ranged from traditional face-to-face interaction to digital touchpoints.
01
Contact Center Monitoring
02
Sophisticated Custom Applications
03
Service Audit
04
Building an entirely new Service Blueprint
CLIENTS
Clients That Have Partnered With Us 
PRODUCTS
Offering The Standard for Excellence 
An award given for monitoring the performance of contact centers in Indonesia towards achieving customer excellence. 
An award given to brands or companies that have successfully provided customer satisfaction through their services."
