ownerUsername,text,post_url
poltracking,"Selamat Hari Sumpah Pemuda

28 Oktober 2025

Pemuda Pemudi Bergerak
Indonesia Bersatu

#poltracking #sumpahpemuda #pemuda #haribesarnasional #2025",https://www.instagram.com/p/DQWECcgEb3R/
poltracking,"Pemerintah Butuh Oposisi

#HYR #Poltracking #Oposisi #Indonesia",https://www.instagram.com/p/DQdTwRMki9E/
poltracking,"Selamat Tahun Baru 2026

#poltracking #tahunbaru #2026",https://www.instagram.com/p/DS9JO9UEUzT/
poltracking,"Saksikan hasil lengkap survei nasional terbaru dari Poltracking Indonesia!
Evaluasi 1 Tahun Pemerintahan Prabowo–Gibran

Minggu, 19 Oktober 2025
Pukul 15.00 WIB – selesai
Live via POLTRACKING TV

#PoltrackingIndonesia #SurveiNasional #PrabowoGibran #EvaluasiPemerintahan #PoltrackingTV #HantaYudaRasyid",https://www.instagram.com/p/DP-qqu3EaDN/
poltracking,"Terima kasih kepada rekan-rekan media, telah meliput rilis survei nasional Poltracking lewat ratusan berita online dan cetak, serta puluhan liputan televisi.

Bangga Mengawal Demokrasi

#Poltracking #HYR #demokrasi #prabowogibran #prabowo #indonesia",https://www.instagram.com/p/DQJI8eQkeDv/
poltracking,"Melalui program Poltracking Peduli Sumatera, bantuan disalurkan untuk korban bencana. Semoga langkah kecil ini ikut menguatkan perjalanan pemulihan mereka.

#Poltracking #HYR #PoltrackingPeduli #pedulisumatera",https://www.instagram.com/p/DR_sv-3EaMB/
poltracking,"Undangan Media Rilis Temuan Survei Nasional Poltracking Indonesia:

EVALUASI 1 TAHUN KINERJA PEMERINTAHAN PRABOWO-GIBRAN

Minggu, 19 Oktober 2025
Pukul 15.00 WIB - Selesai
Live via YouTube: Poltracking TV

Narahubung: M. Aditya Pradana (081294084328)

Live: https://youtube.com/live/FD0AAGbRu9E

Presensi & Pertanyaan Media: https://forms.gle/QTnouxSa6HqAYd6j9

#poltracking #surveinasional #rilissurvei #pemerintah #2025",https://www.instagram.com/p/DP-JzpUkjgL/
poltracking,"Rilis Survei Nasional Tatap Muka
Evaluasi 1 Tahun Pemerintahan Prabowo-Gibran

Full rilis: 
- Youtube Poltracking TV
- Website poltracking.com

#poltracking #HYR #RilisSurvei #Surnas #PrabowoGibran #pemerintah #1tahun",https://www.instagram.com/p/DQI1Pv2EUhr/
poltracking,"Terima kasih kepada rekan-rekan media atas atensinya pada Rilis Survei Nasional Poltracking Indonesia dalam rangka Evaluasi 1 Tahun Kinerja Pemerintahan Prabowo - Gibran.

#poltracking #surveinasional #pemerintahan #media",https://www.instagram.com/p/DQwaym9EtBg/
poltracking,"Modal Politik Prabowo-Gibran

#poltracking #pemerintah #politik #evaluasi #prabowogibran",https://www.instagram.com/p/DQZP62OEmpB/
poltracking,"Selamat Hari Pahlawan Nasional

10 November 2025

#poltracking #pahlawan #haribesarnasional",https://www.instagram.com/p/DQ3x_PeEa2W/
poltracking,"Selamat Tahun Baru 2025

#poltracking #tahunbaru #2025",https://www.instagram.com/p/DESHPw-Pt9v/
poltracking,"Undangan Media Rilis Temuan Survei Pilkada Kota Batam Poltracking Indonesia:

SIAPA PEMENANG PILKADA KOTA BATAM?

Jumat, 22 November 2024
Pukul 16.00 WIB - Selesai
Live via YouTube: Poltracking TV

Narahubung: Masduri Amrawi (085234977108)
#batam #poltracking #pilkadabatam #survei #rilis",https://www.instagram.com/p/DCqcCBLvtmv/
poltracking,"Undangan Media Rilis Temuan Survei Pilkada Kalimantan Tengah Poltracking Indonesia:

SIAPA PEMENANG PILKADA KALIMANTAN TENGAH?

Sabtu, 23 November 2024
Pukul 16.00 WIB - Selesai
Live via YouTube: Poltracking TV

Narahubung: Masduri Amrawi (085234977108)

#survei #kalteng #survei #kalimantantengah #rilissurvei",https://www.instagram.com/p/DCtNZy1vPrZ/
poltracking,"SAKSIKAN PEMENANG PILKADA SERENTAK 2024 VERSI QUICK COUNT HANYA DI POLTRACKING TV

LIVE QUICK COUNT:
JAKARTA, JAWA TIMUR, KEPULAUAN RIAU, KALIMANTAN TENGAH, SULAWESI TENGAH, KOTA BATAM, LAMPUNG SELATAN, BOJONEGORO, MOROWALI  #poltracking #quickcount #pilkada #pilkada2024",https://www.instagram.com/p/DC3Q3DlPVpX/
poltracking,"SAKSIKAN QUICK COUNT PILKADA SERENTAK 2024

LIVE EVENT: 09.00 WIB
LIVE DATA: 15.00 WIB

POLTRACKING INDONESIA 
akurat. kredibel. kompeten.

#poltracking #politik #demokrasi #pilkada2024 #quickcount",https://www.instagram.com/p/DC1AxZdPYq1/
poltracking,"SAKSIKAN PEMENANG PILKADA SERENTAK 2024 VERSI QUICK COUNT HANYA DI POLTRACKING TV

#poltracking #pilkada2024 #quickcount",https://www.instagram.com/p/DC3cJiUPJTN/
poltracking,"Selamat Hari Raya Idul Adha 1446 H

Mari jadikan momen ini sebagai pengingat akan ketaatan Nabi Ibrahim AS dan keikhlasan Nabi Ismail AS dalam menjalankan perintah Allah SWT.

Semoga kita senantiasa mampu meneladani nilai-nilai iman, ikhlas, dan tawakal dalam kehidupan sehari-hari.

Taqabbalallahu minna wa minkum.

#IdulAdha1446H #Poltracking",https://www.instagram.com/p/DKi486_xSa0/
poltracking,"Quick Count Pilkada Serentak 2024 Poltracking Indonesia

#poltracking #pilkada2024 #quickcount #kredibel",https://www.instagram.com/p/DC6iDhqvgma/
poltracking,"Hasil Quick Count Pilkada Serentak 2024 Poltracking Indonesia. 

#poltracking #pilkada2024 #QuickCount #jakarta #jatim #kalteng #kalbar #sulteng #sulut #kepri #batam #lamsel #bojonegoro #morowali",https://www.instagram.com/p/DDECS0mPvv6/
poltracking,"Selamat Hari Raya Idul Fitri 1446 H

#poltracking #idulfitri1446h #hariraya #harikemenangan",https://www.instagram.com/p/DH1HSRUvGI9/
poltracking,Quick Count & Exit Poll Pilkada Serentak 2024 Poltracking Indonesia #poltracking #quickcount #demokrasi #indonesia #pilkada2024,https://www.instagram.com/p/DC1KMc3Pfyu/
poltracking,"Quick Count PSU Pilkada Papua 2025

Rabu, 6 Agustus 2025

#poltracking #quickcount #papua #pilkada",https://www.instagram.com/p/DNDaUdyPAIL/
poltracking,"Saksikan Quick Count PSU Pilkada Papua 2025

Live data: 15.00 WIB

Poltracking Indonesia!
Akurat, Kredibel, Kompeten.

#poltracking #quickcount #live #pilkada #papua",https://www.instagram.com/p/DNAIdYJPz4b/
poltracking,"Hasil Quick Count Pilkada Serentak 2024 Poltracking Indonesia. 

#poltracking #pilkada2024 #QuickCount #jakarta #jatim #kalteng #kalbar #sulteng #sulut #kepri #batam #lamsel #bojonegoro #morowali",https://www.instagram.com/p/DDDqSRUSXvU/
poltracking,"Dirgahayu Poltracking Indonesia.

Akurat, Kredibel, Kompeten.

#poltracking #13tahun #pengabdian #dedikasi #demokrasi",https://www.instagram.com/p/DNVshL7vdYc/
poltracking,"13 Tahun Poltracking Indonesia.

Terima kasih atas kepercayaannya.

Akurat - Kredibel - Kompeten

#poltracking #demokrasi #13tahun #akuratkredibelkompeten🎂",https://www.instagram.com/p/DNVSD4VPrXR/
poltracking,"Selamat Tahun Baru Islam 1 Muharram 1447 H. 

Semoga semangat hijrah membawa keberkahan, semangat baru, dan transformasi demokrasi sepenuh hati.

#poltracking #tahunbaruislam #hijriah #1447h #demokrasi",https://www.instagram.com/p/DLZfMLMv8-p/
poltracking,"Dirgahayu Republik Indonesia🇮🇩

Bersatu Berdaulat
Rakyat Sejahtera
Indonesia Maju

#poltracking #indonesia #hutke80ri #kemerdekaan #bangsa #tanahair",https://www.instagram.com/p/DNcTYlOvfFM/
poltracking,"Quick Count & Exit Poll Pilkada Serentak 2024

#poltracking #quickcount #exitpoll #pilkada2024 #akurat #kredibel #kompeten",https://www.instagram.com/p/DDExheZPCVQ/
poltracking,"Tasyakuran dan Family Gathering 13 Tahun Poltracking Indonesia

#poltracking #13tahunpoltrackingindonesia #tasyakuran #familygathering #berkaryabertumbuhberasama",https://www.instagram.com/p/DOU5kD6EeB3/
poltracking,"Undangan Media Rilis Temuan Survei Pilkada Bojonegoro Poltracking Indonesia:

SIAPA PEMENANG PILKADA BOJONEGORO?

Selasa, 19 November 2024
Pukul 14.30 WIB - Selesai
Live via YouTube: Poltracking TV

Narahubung: Masduri Amrawi (085234977108)
 #poltracking #bojonegoro #survei #pilkada2024",https://www.instagram.com/p/DCi1nCKSHbo/
poltracking,"Undangan Media Rilis Temuan Survei Pilkada Lampung Selatan 2024 Poltracking Indonesia:

PETA ELEKTORAL PILKADA LAMPUNG SELATAN 2024: SIAPA UNGGUL DALAM PERTARUNGAN?

Narasumber:
Hanta Yuda AR [Direktur Eksekutif Poltracking Indonesia]

Selasa, 15 Oktober 2024
Pukul 13.00 WIB - Selesai
Live via YouTube: Poltracking TV

Narahubung: Masduri Amrawi (085234977108)

#poltracking #rilis #pilkadalamsel #survei #pilkada2024 #pilkada #rilissurvei  #rilispoltracking",https://www.instagram.com/p/DBILoASSNjy/
poltracking,"SAKSIKAN
POLTRACKING EXPOSE DATA:
MENGUNGKAP KEBENARAN

Sabtu, 9 November 2024
Pukul 14.30 WIB

Live Youtube
Poltracking TV
https://youtube.com/live/bOn0iavDpbY

#poltracking #akurat #kredibel #kompeten #live #persrilis",https://www.instagram.com/p/DCJAaWDPm_7/
poltracking,"Undangan Media Rilis Temuan Survei Pilkada Lampung Selatan Poltracking Indonesia:

SIAPA PEMENANG PILKADA LAMPUNG SELATAN?

Rabu, 20 November 2024
Pukul 13.00 WIB - Selesai
Live via YouTube: Poltracking TV

Narahubung: Masduri Amrawi (085234977108)
#pilkada #lamsel #poltracking #rilis #survei",https://www.instagram.com/p/DCjWt14SyqQ/
poltracking,"Undangan Media Rilis Temuan Survei Pilkada Jakarta Poltracking Indonesia:

EVALUASI KAMPANYE, DEBAT & TREN KEKUATAN ELEKTORAL KANDIDAT PILKADA JAKARTA 2024

Kamis, 24 Oktober 2024
Pukul 12.30 WIB - Selesai
Live via YouTube: Poltracking TV

Narahubung: Masduri Amrawi (085234977108)

#poltracking #rilissurvei #survei #pilkada2024 #pilkadajakarta",https://www.instagram.com/p/DBfGSelT81B/
poltracking,"Undangan Media Rilis Temuan Survei Pilkada Bojonegoro 2024 Poltracking Indonesia:

SIAPA UNGGUL DI PILKADA BOJONEGORO 2024

Sabtu, 19 Oktober 2024
Pukul 14.00 WIB - Selesai
Live via YouTube: Poltracking TV

Narahubung: Masduri Amrawi (085234977108)

#poltracking #rilissurvei #survei #pilkada2024 #bojonegoro",https://www.instagram.com/p/DBSyS2DPqBR/
poltracking,"Undangan Media Rilis Temuan Survei Pilkada Jawa Timur 2024 Poltracking Indonesia:

TREN KEKUATAN ELEKTORAL KANDIDAT PILKADA JAWA TIMUR 2024

Narasumber:
Hanta Yuda AR [Direktur Eksekutif Poltracking Indonesia]

Kamis, 17 Oktober 2024
Pukul 15.30 WIB - Selesai
Live via YouTube: Poltracking TV

Narahubung: Masduri Amrawi (085234977108)

#poltracking #survei #surveijatim #pilkada2024",https://www.instagram.com/p/DBNRSSTy0Kh/
poltracking,"Yuk Saksikan
JAWABAN TUNTAS: BANTAHAN TERBUKA POLTRACKING TERHADAP RAPAT UMUM TERBUKA PERSEPI

Minggu, 17 November 2024
Pukul 10.00 WIB

Live Youtube
Poltracking TV

#poltracking #jawabantuntas #indonesia",https://www.instagram.com/p/DCdMhRqPViY/
poltracking,"Undangan Konferensi Pers:
”POLTRACKING EKSPOSE DATA MENGUNGKAP KEBENARAN”

Jum’at, 8 November 2024
Pukul 16.00 WIB
(15.00 WIB diawali makan bersama)

Lokasi: Hotel Sari Pan Pacific, Jakarta, Ruang Istana, Lantai 4

Narahubung:
M. Aditya Pradana
(081294084328)",https://www.instagram.com/p/DCGrE2EP1HH/
poltracking,"Undangan Media Rilis Temuan Survei Pilkada Kepulauan Riau Poltracking Indonesia:

SIAPA PEMENANG PILKADA KEPULAUAN RIAU?

Jumat, 22 November 2024
Pukul 13.30 WIB - Selesai
Live via YouTube: Poltracking TV

Narahubung: Masduri Amrawi (085234977108)  #survei #pilkada #kepri #poltracking",https://www.instagram.com/p/DCp27N1Ty3d/
poltracking,"Undangan Media Rilis Temuan Survei Pilkada Kalimantan Tengah 2024 Poltracking Indonesia:

TREN KEKUATAN ELEKTORAL KANDIDAT PILKADA KALTENG 2024

Senin, 21 Oktober 2024
Pukul 14.00 WIB - Selesai
Live via YouTube: Poltracking TV

Narahubung: Masduri Amrawi (085234977108)

#poltracking #rilissurvei #survei #pilkada2024 #kalimantantengah",https://www.instagram.com/p/DBXpMGLvfZ2/
poltracking,"Rilis Temuan Survei Nasional
Evaluasi 1 Tahun Kinerja Pemerintahan Prabowo-Gibran

#poltracking #surveinasional #2025 #prabowogibran",https://www.instagram.com/p/DQMqJUcEpvA/
poltracking,"Quick Count dan Exit Poll Pilkada Serentak 2024

#poltracking #quickcount #exitpoll #pilkada2024 #kredibel #indonesia",https://www.instagram.com/p/DC6yM1VvQ0b/
poltracking,"Selamat Hari Raya Idul Fitri
1 Syawal 1445 H

Mohon Maaf Lahir & Batin

#poltracking #idulfitri #hariraya #lebaran #kemenangan",https://www.instagram.com/p/C5iwjgiPWJm/
poltracking,"Sejak Pilpres 2014, 2019, dan 2024, Poltracking berhasil menyajikan data Quick Count dengan presisi tinggi pada Real Count KPU RI.

Ini mempertegas kerja scientific membantu kita mendapatkan hasil lebih awal tentang prediksi pemenang pemilu sekaligus kontrol terhadap kualitas pemilu itu sendiri.

Poltracking Indonesia 
Akurat. Kredibel. Kompeten

#poltracking #pilpres2024 #quickcount #presisi #akurat #kredibel #kompeten",https://www.instagram.com/p/C44uWl9PF-J/
poltracking,"Undangan Media Rilis Temuan Survei Pilkada Majalengka 2024 Poltracking Indonesia:

PETA ELEKTORAL PILKADA MAJALENGKA 2024:
SIAPA BERPELUANG MEMENANGKAN PERTARUNGAN?

Narasumber:
1. Hanta Yuda AR [Direktur Eksekutif Poltracking Indonesia]
2. Adi Sasono (Pemred Tribun Jabar)
3. Pai Pardi Supardi (Ketua PWI Kab. Majalengka)

Moderator:
Yoki Alvetro (Peneliti Poltracking Indonesia)

Minggu, 29 September 2024
Pukul 14.00 WIB - Selesai
Live via YouTube: Poltracking TV

Narahubung: Yoki Alvetro (085263220094)",https://www.instagram.com/p/DAeoK6WzNuY/
poltracking,"Perbandingan hasil Quick Count Pilpres 2024 beberapa lembaga survei Anggota Persepi (Perkumpulan Survei Opini Publik Indonesia) dengan hasil rekapitulasi KPU RI.

Semua hasil Quick Count mendekati hasil rekapitulasi KPU. Poltacking rata-rata selisih paling mendekati yakni 0,12%.

Sumber tabel:
CN-CSIS & PERSEPI

#poltracking #persepi #survei #quickcount",https://www.instagram.com/p/C4xzQvtP08K/
poltracking,"Undangan Media Rilis Temuan Survei Pilkada Jawa Tengah 2024 Poltracking Indonesia:

PETA ELEKTORAL PILKADA JAWA TENGAH 2024:
PERTARUNGAN PARA BINTANG

Pembedah Data:
Hanta Yuda AR [Direktur Eksekutif Poltracking Indonesia]

Selasa, 24 September 2024
Pukul 14.00 WIB - Selesai
Live via YouTube: Poltracking TV

Narahubung: Yoki Alvetro (085263220094)",https://www.instagram.com/p/DAQ66iSPZUz/
poltracking,"Dirgahayu Republik Indonesia ke-79.

17 Agustus 1945 - 17 Agustus 2024.

Nusantara Baru, Indonesia Maju.

#poltrackingindonesia #dirgahayu #indonesia #79tahunindonesia #merdeka",https://www.instagram.com/p/C-wmgBQPXKK/
poltracking,"Selamat Hari Raya
Idul Adha 1445 H

#poltracking #iduladha #1445h #kurban #haji",https://www.instagram.com/p/C8S4TULSeUP/
poltracking,"Undangan Media Rilis Temuan Survei Pilkada Jawa Barat 2024 Poltracking Indonesia:

PETA ELEKTORAL PILKADA JAWA BARAT 2024:
PERTARUNGAN “VETERAN PILGUB” TANAH PASUNDAN

Pembedah Data:
Hanta Yuda AR [Direktur Eksekutif Poltracking Indonesia]

Kamis, 26 September 2024
Pukul 14.00 WIB - Selesai
Live via YouTube: Poltracking TV

Narahubung: Yoki Alvetro (085263220094)",https://www.instagram.com/p/DAWOUkqyNqJ/
poltracking,"Undangan Media Rilis Temuan Survei Pilkada Jakarta 2024 Poltracking Indonesia:

PETA ELEKTORAL PILKADA JAKARTA 2024:
PERTARUNGAN PARA “MANTAN”

Pembedah Data:
Hanta Yuda AR [Direktur Eksekutif Poltracking Indonesia]

Jumat, 27 September 2024
Pukul 14.00 WIB - Selesai
Live via YouTube: Poltracking TV

Narahubung: Yoki Alvetro (085263220094)",https://www.instagram.com/p/DAYzPEgy6QW/
poltracking,"Tasyakuran & Family Gathering, 13 Tahun Poltracking Indonesia

 #poltracking #hyr #hantayudarasyid #13th #milad",https://www.instagram.com/p/DOTa25tEcx3/
poltracking,"Quick Count Pileg 2024 Poltracking Indonesia.

Rabu, 14 Februari 2024.

#poltracking #exitpoll #pilpres #pemilu2024 #politik",https://www.instagram.com/p/C3pFJcfPlax/
poltracking,"Menuju Hari H Pemilu.

Simulasi Quick Count Poltracking.

Bersama mengawal pemilu, akurat dan kredibel.

Untuk memastikan akurasi dan kecapatan pengambilan data, Poltracking menggelar 5 kali simulasi Quick Count. 

#poltracking #politik #demokrasi #pemilu #pilres #quiccount #2024",https://www.instagram.com/p/C3R7e3hPoIM/
poltracking,"Quick Count & Exit Poll Pilpres dan Pileg 2024 Poltracking Indonesia. 

Rabu, 14 Februari 2024.

#poltracking #politik #demokrasi #pemilu #2024",https://www.instagram.com/p/C34U6cKvdRA/
poltracking,"Quick Count & Exit Poll Pilpres dan Pileg 2024 Poltracking Indonesia.

#poltracking #quickcount #pilpres2024 #pemilu2024 #pileg2024 #politik",https://www.instagram.com/p/C3YBCmovY5z/
poltracking,"Quick Count Pilpres 2024 Poltracking Indonesia, dengan sampel 3.000 TPS.

Rabu, 14 Februari 2024.

#poltracking #exitpoll #pilpres #pemilu2024 #politik",https://www.instagram.com/p/C3miqu0vcsu/
poltracking,"SAKSIKAN...

Quick Count & Exit Poll

Poltracking Indonesia 

Pukul 09.00 WIB Live Event

Pukul 15.00 WIB Live Publikasi

Ayo memilih untuk Indonesia

Satu suara, menentukan masa depan

Kawal pemilu dan demokrasi

Poltracking,
Cepat & Akurat.

#pemilu #pilpres #politik #demokrasi #quickcount #2024",https://www.instagram.com/p/C3RssGyveG0/
poltracking,"Fun Sport Poltracking 2024.
Bangun Sportivitas, Kolaborasi Tanpa Batas.

#poltracking #sport #sportivitas #kolaborasi #semangat",https://www.instagram.com/p/C37QKyJvGsk/
poltracking,"Media adalah salah satu pilar demokrasi yang harus dijaga. Selalu membersamai perjalanan Poltracking Indonesia hingga hari ini.

Terima kasih kepada rekan-rekan media atas atensinya pada Quick Count & Exit Poll
Pilpres & Pileg 2024, pada Rabu, 14 Februari 2024.

#poltracking #politik #demokrasi #pemilu #2024",https://www.instagram.com/p/C3ZMBDPPJ7F/
poltracking,"Rilis Survei Poltracking Indonesia,
""PETA SUARA PILPRES DI PROVINSI PENENTU: SIAPA PEMENANG DI JAWA TIMUR?"".
Periode survei tatap muka 25-31 Januari 2024 dengan sampel 8000 responden. Live rilis - Selasa 6 Februari 2024.

#poltracking #survei #pilpres #2024 #politik",https://www.instagram.com/p/C3IKKDjPAA6/
poltracking,"Bangun Sportivitas, Kolaborasi Tanpa Batas.

#poltracking #sport #sportivitas #kolaborasi #semangat",https://www.instagram.com/p/C35aup2viRX/
poltracking,"Exit Poll Pilpres 2024 Poltracking Indonesia, dengan sample 12.000 responden.

Rabu, 14 Februari 2024.

#poltracking #exitpoll #pilpres #pemilu2024 #politik",https://www.instagram.com/p/C3mbmJBvB5F/
poltracking,"Undangan Media Rilis Temuan Survei Nasional Poltracking Indonesia:

""SIAPA PEMENANG PEMILU 2024?""

Periode Wawancara Tatap Muka: 27 Januari - 2 Februari 2024

Pembedah Data:
- Hanta Yuda AR [Direktur Eksekutif Poltracking Indonesia]
- Arya Budi [Direktur Riset Poltracking Indonesia]

Moderator:
Masduri Amrawi [Peneliti Utama Poltracking Indonesia]

Jum’at, 9 Februari 2024
Pukul 13.00 - 15.00 WIB
Live via YouTube: Poltracking TV

Narahubung / Registrasi Media:
M. Aditya Pradana - 081294084328

#poltracking #rilissurveinasional #pilpres2024 #caprescawapres2024 #politik",https://www.instagram.com/p/C3FATn1v8R_/
poltracking,"Undangan Media Rilis Temuan Survei Poltracking Indonesia:

""PETA SUARA PILPRES DI PROVINSI PENENTU:
SIAPA PEMENANG DI JAWA TIMUR?""

Periode Wawancara Tatap Muka: 25 - 31 Januari 2024

Pembedah Data:
- Hanta Yuda AR [Direktur Eksekutif Poltracking Indonesia]
- Arya Budi [Direktur Riset Poltracking Indonesia]

Moderator:
Masduri Amrawi [Peneliti Utama Poltracking Indonesia]

Selasa, 6 Februari 2024
Pukul 13.00 - 15.00 WIB
Live via YouTube: Poltracking TV

Narahubung / Registrasi Media:
M. Aditya Pradana - 081294084328

#poltracking #rilissurveinasional #pilpres2024 #caprescawapres2024 #politik",https://www.instagram.com/p/C29v6RtvQd5/
poltracking,"Undangan Media Rilis Temuan Survei Pilkada Jawa Timur 2024 Poltracking Indonesia:

PETA ELEKTORAL PILKADA JAWA TIMUR 2024:
PERTARUNGAN TIGA SRIKANDI

Pembedah Data:
Hanta Yuda AR [Direktur Eksekutif Poltracking Indonesia]

Kamis, 19 September 2024
Pukul 13.30 WIB - Selesai
Live via YouTube: Poltracking TV

Narahubung: Masduri Amrawi (085234977108)

#poltracking #surveijatim #pilkadajatim #pilkada2024",https://www.instagram.com/p/DADrpQfPBAH/
poltracking,"Quick Count & Exit Poll
Pilpres & Pileg 2024

#poltracking #politik #demokrasi #pemilu #2024",https://www.instagram.com/p/C3SkrGyP_-U/
poltracking,"Undangan Media Rilis Temuan Survei Pilkada Jawa Timur Poltracking Indonesia:

SIAPA PEMENANG PILKADA JAWA TIMUR?

Kamis, 21 November 2024
Pukul 13.30 WIB - Selesai
Live via YouTube: Poltracking TV

Narahubung: Masduri Amrawi (085234977108)

Live: https://youtube.com/live/iegon7cuVDM?feature=share #poltracking #jatim #jawatimur #pilkadajatim #pilkada2024 #rilissurvei #survei",https://www.instagram.com/p/DCnSs7VylZD/
