,competitor,text_indo
0,Compas,Dasbor Wawasan Pasar E-Commerce - Kompas
1,Compas,Dashboard Market Insight Kompas.co.id menawarkan alat canggih berbasis data yang dirancang untuk memberdayakan merek FMCG dalam lanskap e-commerce yang kompetitif. Dasbor Wawasan Pasar Kompas.co.id kami memberikan wawasan kuat yang membedakan kami dari alat analisis pasar tradisional.
2,Compas,"Dasbor Wawasan Pasar Compas.co.id dirancang untuk mengatasi tantangan-tantangan ini secara langsung, menyediakan data real-time, terlokalisasi, dan disesuaikan bagi merek-merek FMCG untuk memberdayakan pengambilan keputusan yang percaya diri dan berdasarkan data."
3,Compas,"Dapatkan pemahaman lengkap tentang posisi pasar merek Anda dengan wawasan tentang pangsa pasar, tren kategori, dan kinerja pesaing. Dengan data dasbor yang komprehensif, merek dapat secara proaktif menyesuaikan strategi mereka untuk tetap menjadi yang terdepan."
4,Compas,Wawasan Pasar Produk Jasa
5,Compas,Tentang Kami Wawasan Artikel Karir Hubungi Kami ID EN Hubungi Kami Permintaan Demo
6,Compas,Layanan
7,Compas,Wawasan Pasar Produk
8,Compas,"Masuk Daftar Masuk Daftar Minta Demo Merek FMCG Indonesia Pendamping E-commerce Penyedia Data E-commerce dan Perusahaan Analisis Bisnis Terkemuka Compass.co.id adalah perusahaan penyedia data e-commerce dan analisis bisnis terkemuka. Kami berperan sebagai ‘Pendamping’ bagi Merek FMCG Ternama di Indonesia, memberdayakan strategi bisnis online dan pengambilan keputusan mereka dengan wawasan bisnis berbasis data yang akurat dan dapat ditindaklanjuti. Minta Demo"
9,Compas,"Layanan Kami Berhenti Tenggelam dalam DataMulai Membuat Gelombang! Kompas.co.id Market Insight mengumpulkan semua wawasan e-commerce penting yang Anda butuhkan, mulai dari tren pasar dan tolok ukur pesaing. Lihat Bagaimana Wawasan Pasar Dapat Mendorong Merek Anda Maju Berjuang Membaca Data?Kami Menyederhanakannya untuk Anda! Kami mengubah data kompleks menjadi visual yang jelas dan ringkas yang memudahkan untuk melihat tren, mengidentifikasi peluang, dan membuat keputusan yang tepat. Temukan Kekuatan Strategi Berbasis Data Wawasan yang Dapat Ditindaklanjuti Berdasarkan Data Analis ahli kami memberikan wawasan yang dapat ditindaklanjuti yang Anda perlukan untuk membawa merek FMCG Anda ke tingkat berikutnya. Lihat Bagaimana Data Dapat Meningkatkan Strategi Merek Anda Compass.co.id dengan Numbers Market Insight Mengubah data mentah menjadi wawasan yang kuat, membantu merek menavigasi lanskap e-commerce Indonesia yang dinamis dengan percaya diri dan presisi. Jumlah Klien Klien 2 + Klien Puas Dipertahankan 3 % Jumlah Merek FMCG Merek > 1 k Dipercaya oleh Yang Terbaik di FMCG Apa Kata Klien Kami “Dengan Kompas.co.id, kami jadi lebih teredukasi dalam pengembangan produk atau kategori baru dan memperluas jangkauan ke retailer baru, berdasarkan data real time yang akurat.” Ferdiano PradiptaHead of E-Commerce and Digital SOHO Global Health “Pelayanan dari tim Compas.co.id sangat baik, cepat, dan responsif, membantu kami dalam pengambilan keputusan strategi di e-commerce.” Wentra HakamiE-Commerce Channel Manager Danone “Compas.co.id memberikan kami wawasan yang sangat berharga tentang kinerja brand kami di e-commerce, dengan data yang akurat dan mudah diakses secara berkala.” Rheisya Audry PutriE-Commerce Officer PT Bintang Toedjoe “Dengan Kompas.co.id, kami jadi lebih teredukasi dalam pengembangan produk atau kategori baru dan memperluas jangkauan ke retailer baru, berdasarkan data real time yang akurat.” Ferdiano PradiptaHead of E-Commerce and Digital SOHO Global Health “Pelayanan dari tim Compas.co.id sangat baik, cepat, dan responsif, membantu kami dalam pengambilan keputusan strategi di e-commerce.” Wentra HakamiE-Commerce Channel Manager Danone Temui Mitra Kami Dari Merek Terpercaya Kami bangga berkolaborasi dengan merek FMCG terkemuka di Indonesia, mendorong kesuksesan melalui wawasan berbasis data, keunggulan operasional, dan solusi e-commerce yang lancar. Mulai dari raksasa global hingga pemimpin pasar lokal, mitra kami mempercayai Kompas.co.id untuk memberdayakan pertumbuhan e-commerce mereka.       50+ Merek... Berkolaborasi untuk Kesuksesan: Kemitraan yang Mendorong Dampak Di Compas.co.id, kami percaya pada kekuatan kolaborasi. Mulai dari menjalin hubungan dengan mitra media tepercaya dan KOL berpengaruh hingga menyelenggarakan acara online dan offline yang berdampak, kemitraan kami mendorong inovasi dan kesuksesan. Jelajahi perjalanan kolaborasi kami melalui upacara penghargaan, panel industri, dan inisiatif bersama yang meningkatkan merek FMCG Indonesia.  Percakapan yang Menginspirasi, Wawasan Terkemuka Dari panel industri hingga pidato utama, kami berbagi keahlian dan wawasan yang mendorong kemajuan industri e-commerce.  Menampilkan Keahlian Kami dengan KOL Tepercaya Kami berkolaborasi dengan Key Opinion Leader yang berpengaruh untuk menyoroti kemampuan kami dan membangun bukti sosial. Kemitraan ini menunjukkan dampak dari solusi berbasis data kami dan memperkuat kredibilitas kami dalam lanskap e-commerce Memperkuat Cerita dengan Mitra Media Tepercaya Kemitraan kami dengan outlet media terkemuka memastikan bahwa suara merek FMCG didengar. Mari bekerja sama untuk menciptakan kampanye yang berdampak dan berbagi cerita yang penting. Merayakan Keunggulan bersama Mitra Strategis. Bergabunglah bersama kami untuk menyelenggarakan penghargaan bergengsi yang mengakui dan menghormati pencapaian luar biasa dalam e-commerce. Bersama-sama, kami menyoroti merek-merek yang mendorong inovasi dan pertumbuhan. Berkolaborasi Dengan Kami Memperkuat Kesuksesan dengan Mitra Media Tepercaya Kolaborasi kami dengan outlet media terkemuka memperkuat misi kami untuk memberdayakan merek FMCG dengan wawasan yang dapat ditindaklanjuti dan kampanye yang berdampak. Bersama-sama, kami mendorong percakapan yang bermakna dan meningkatkan keunggulan e-commerce di seluruh Indonesia.    Memberdayakan Merek Melalui Video Insights Temukan bagaimana konten video Compas.co.id memecah data kompleks menjadi wawasan yang dapat ditindaklanjuti, membantu merek FMCG mencapai kesuksesan e-commerce yang terukur. Selamat datang di episode pertama COD oleh ... Kompas.co.id!"
10,Compas,“Apakah saat ini waktu yang tepat untuk masuk ke e-commerce?” “Seberapa potensial market e-commerce di Indonesia?” COD Episode 1 akan menyajikan data untuk menjawab pertanyaan diatas yang seringkali ditanyakan para FMCG Business Leader! Mari bedah potensi market FMCG bersama Compas.co.id!
11,Compas,"🔎 Mengenal ""e-COD"" Sebuah program yang dipandu oleh CEO & Co-founder Compas.co.id, Hanindia Narendrata yang akan memberikan berbagai insight untuk membantu para pelaku bisnis FMCG bersaing secara cerdas dan berbasis data di e-commerce."
12,Compas,📣 Terhubung dengan Compas.co.id: Kunjungi website kami: Compas.co.id Ikuti kami di Instagram: instagram.com/compas.co.id Ikuti kami di Twitter: @compascoid Terhubung dengan kami di LinkedIn: linkedin.com/company/compas-co-id
13,Compas,👉 Berlangganan & Pantau terus: Permintaan Bisnis: Compas.co.id Whatsapp: +62 852-8006-0715 Email: contact@compas.co.id #ecommerce #marketinsight #businessstrategy #datadriven #dataecommerce Tampilkan Lebih Banyak Wawasan Pasar E-commerce Compas 2 tahun yang lalu 433 11 1 0
14,Compas,Selamat datang di episode kedua COD by C ... ompas.co.id!
15,Compas,"“Di tengah ketatnya persaingan di e-commerce, bagaimana seharusnya kita melihat para pemain lain di e-commerce? Yuk cari tahu tips jitu belajar dari pemain lain di e-commerce dengan mindset “Worthy Rival”. Bedah strategi dari 2 client Compas di market Beauty & Care yang sukses tingkatkan penjualan karena belajar dari strategi kompetitornya!"
16,Compas,👉 Berlangganan & Pantau terus: Permintaan Bisnis: Compas.co.id Whatsapp: +62 852-8006-0715 Email: contact@compas.co.id #ecommerce #marketinsight #businessstrategy #datadriven #dataecommerce Tampilkan Lebih Banyak Wawasan Pasar E-commerce Compas 2 tahun yang lalu 280 11 1 0
17,Compas,Selamat datang di episode ketiga COD by ... Compas.co.id!
18,Compas,"Dalam episode kali ini, kita akan menggali lebih dalam tentang bagaimana Data Real Time dapat menjadi game-changer dalam dunia e-commerce. Bagaimana data real-time dapat membantu Anda mengantisipasi tren dan meningkatkan penjualan? Belajar dari salah satu client Compas yang memantau secara real time & belajar dari performa kompetitornya yang mendapatkan Rp163 Juta hanya dari 1 produk di e-commerce!"
19,Compas,👉 Berlangganan & Pantau terus: Pertanyaan Bisnis: Compas.co.id Whatsapp: +62 852-8006-0715 Email: contact@compas.co.id #ecommerce #marketinsight #businessstrategy #datadriven #dataecommerce Tampilkan Lebih Banyak Compas E-commerce Market Insight 2 tahun lalu 243 9 0 0
20,Compas,"Wawasan, Tren, dan Strategi: Pusat Pengetahuan E-niaga Anda Jelajahi artikel terbaru kami yang menampilkan analisis mendalam, strategi yang dapat ditindaklanjuti, dan tren industri yang disesuaikan untuk merek FMCG. Dari wawasan berbasis data hingga saran ahli, temukan bagaimana Anda dapat tetap menjadi yang terdepan dalam lanskap e-commerce Indonesia yang dinamis"
21,Compas,"InsightEPIC AwardsEvent Rahasia Sukses E-commerce: Inovasi Berbasis Data dan Pendekatan Ramah Ala Scarlett September 23, 2025  EPIC AwardsBeauty InsightEventF&B InsightFMCGInsightMom & Baby InsightTren FMCG Mengulas Performa E-commerce Indonesia Semester 1 2025: Strategi Kunci untuk Brand FMCG September 18, 2025"
22,Compas,"E-commerce EnablerBeauty InsightInsightTop Brand Top 10 Brand Kecantikan di Shopee Indonesia Kuartal I 2025: Tren Paket Kecantikan 17 Juni 2025 Lihat Artikel Lainnya Memberdayakan Bisnis Online Anda dengan Wawasan Berbasis Data dan Solusi E-commerce yang Mulus dari Compas. Mulai Sekarang Berdayakan Bisnis Online Anda dengan Wawasan Berbasis Data dan Solusi E-commerce yang Mulus dari Compas. Mulai Sekarang Kompas.co.id adalah penyedia data e-commerce, analisis bisnis, dan pemberdayaan e-commerce terkemuka. Kami bertindak sebagai ‘Pendamping’ bagi merek-merek FMCG terkemuka di Indonesia, membantu mereka mengelola bisnis online mereka dengan wawasan bisnis berbasis data dan proses manajemen pesanan end-to-end yang otomatis. Kompas.co.id Tentang Kami"
23,Compas,"Pusat Bantuan Ikuti Kami Instagram Linkedin X-twitter Tiktok Hak Cipta © 2025 Kompas.co.id oleh PT Telunjuk Komputasi Indonesia {""prefetch"":{""source"":""document"",""where"":{""and"":[{""href_matches"":""/""},{""not"":{""href_matches"":[""/wp-.php"",""/wp-admin/"",""/wp-content/uploads/"",""/wp-content/"",""/wp -content/plugins/"",""/wp-content/themes/hello-elementor/"",""/\?(.+)""]}},{""not"":{""selector_matches"":""a[rel~=""nofollow""]""}},{""not"":{""selector_matches"":"".no-prefetch, .no-prefetch a""}}]},""eagerness"":""konservatif""}]}"
24,Compas,"#okapi-wasb-button{ posisi: tetap; indeks-z: 9999999; } #okapi-wasb-button{ bawah: 10px; kanan: 10 piksel; } #okapi-wasb-icon{ opasitas: 0,95; lebar: 90 piksel; tinggi: 90 piksel; } #okapi-wasb-icon:hover{ opasitas: 1; } @layar khusus media dan (lebar minimum: 320 piksel){ #okapi-wasb-button{ display: block; } } Layar khusus @media dan (lebar minimum: 768 piksel){ #okapi-wasb-button{ display: block; }"
25,Compas,} @layar khusus media dan (lebar minimum: 992 piksel){ #okapi-wasb-button{ display: block; } }
26,Compas,"const lazyloadRunObserver = () => { const lazyloadBackgrounds = document.querySelectorAll( .e-con.e-parent:not(.e-lazyloaded) ); const lazyloadBackgroundObserver = new IntersectionObserver( ( entri ) => { entri.forEach( ( entri ) => { if ( entry.isIntersecting ) { biarkanzyloadBackground = entri.target; if(lazyloadBackground ) {lazyloadBackground.classList.add( 'e-lazyloaded' ); }lazyloadBackgroundObserver.unobserve( entri.target ); } }); }, { rootMargin: '200px 0px 200px 0px' } ); lazyloadBackgrounds.forEach( ( lazyloadBackground ) => { lazyloadBackgroundObserver.observe( lazyloadBackground ); } ); }; const events = [ 'DOMContentLoaded', 'elementor/lazyload/observe', ]; acara.forEach( ( acara ) => { document.addEventListener( acara, lazyloadRunObserver ); } ); (fungsi () { var c = document.body.className; c = c.replace(/woocommerce-no-js/, 'woocommerce-js'); document.body.className = c; })();"
27,Compas,wp.i18n.setLocaleData( { 'arah teks\u0004ltr': [ 'ltr' ] } );
28,Compas,"var utm_event_tracker = {""site_url"":""https://compas.co.id"",""ajax_url"":""https://compas.co.id/wp-admin/admin-ajax.php"",""settings"":{""webhook_url"":"" "",""ipinfo_token"":""fe2ba29a13dd18"",""cookie_duration"":30,""append_utm_parameter"":""no"",""capture_custom_events"":true,""custom_e vents"":[]},""nonce"":""f31af41a58"",""has_custom_events"":"""",""utm_parameters"":{""utm_campaign"":null,""utm_medium"":null,""utm_sour ce"":null,""utm_term"":null,""utm_content"":null,""fbclid"":null,""gclid"":null,""ip_address"":""66.249.69.160"",""landing_page"":""/""}};"
29,Compas,"var woocommerce_params = {""ajax_url"":""/wp-admin/admin-ajax.php"",""wc_ajax_url"":""/?wc-ajax=%%endpoint%%"",""i18n_password_show"":""Tampilkan kata sandi"",""i18n_password_hide"":""Sembunyikan kata sandi""};"
30,Compas,"""gunakan ketat"";var _createClass=function(){function defineProperties(target,props){for(var i=0;ii.config.rateThrottle)return;i.numOnHover++,i._addPrefetchLink(e)},this.config.onHoverDelay);t.addEventListener(n,function e(){t.removeEventListener(n,e,{passive:!0}),null!==r&&(clearTimeout(r),r=null)},{passive:!0})}},{key:""_addPrefetchLink"",value:function(i){return this.prefetched.add(i.href),new Promise(function(e,t){var n=document.createElement(""link"");n.rel=""prefetch"",n.href=i.href,n.onload=e,n.onerror=t,document.head.appendChild(n)}).catch(function(){})}},{key:""_prepareUrl"",value:function(e){if(null===e||""object""!==(void 0===e?""undefinisi"":r(e))||!1 di e||-1===[""http:"",""https:""].indexOf(e.protocol))return null;var t=e.href.substring(0,this.config.siteUrl.length),n=this._getPathname(e.href,t),i={asli:e.href,protocol:e.protocol,origin:t,pathname:n,href:t+n};kembalikan this._isLinkOk(i)?i:null}},{key:""_getPathname"",value:function(e,t){var n=t?e.substring(this.config.siteUrl.length):e;return n.startsWith(""/"")||(n=""/""+n),this._shouldAddTrailingSlash(n)?n+""/"":n}},{key:""_shouldAddTrailingSlash"",value:function(e){return this.config.usesTrailingSlash&&!e.endsWith(""/"")&&!this.regex.fileExt.test(e)}},{key:""_isLinkOk"",value:function(e){return null!==e&&""object""===(void 0===e?""undefinisi"":r(e))&&(!this.prefetched.has(e.href)&&e.origin===this.config.siteUrl&&-1===e.href.indexOf(""?"")&&-1===e.href.index Of(""#"")&&!this.regex.excludeUris.test(e.href)&&!this.regex.images.test(e.href))}}],[{key:""run"",value:function(){""undefinisi""!=typeof RocketPreloadLinksConfig&&baru n(RocketBrowserCompatibilityChecker({capture:!0,pasif:!0}),RocketPreloadLinksConfig).init()}}]),n}();t.run(); }());"
31,Compas,"var rocket_lazyload_css_data = {""ambang batas"":""300""};"
32,Compas,"!function o(n,c,a){function u(t,e){if(!c[t]){if(!n[t]){var r=""function""==typeof require&&require;if(!e&&r)return r(t,!0);if(s)return s(t,!0);throw(e=new Error(""Tidak dapat menemukan modul '""+t+""'"")).code=""MODULE_NOT_FOUND"",e}r=c[t]={ekspor:{}},n[t.call(r.exports,function(e){return u(nt[e]||e)},r,r.exports,o,n,c,a)}return c[t].exports}for(var s=""function""==typeof memerlukan&require,e=0;e{var e=t.selector;document.querySelectorAll(e).forEach(e=>{e.setAttribute(""data-rocket-lazy-bg-""+t.hash,""excluded"")})}),document.querySelector(""#wpr-lazyload-bg-container""));var o=rocket_lazyload_css_data.threshold||300;const u=new IntersectionObserver(e=>{e.forEach(t=>{t.isIntersecting&&c.filter(e=>t.target.matches(e.selector)).map(t=>{var e;t&&((e=document.createElement(""style"")).textContent=t.style,a.insertAdjacentElement(""afterend"",e),t.elements.forEach(e=>{u.unobserve(e),e.setAttribute(""data-rocket-lazy-bg-""+t.hash,""loaded"")}))})})},{rootMargin:o+""px""});fungsi n(){0{coba{document.querySelectorAll(t.selector).forEach(e=>{""loaded""!==e.getAttribute(""data-rocket-lazy-bg-""+t.hash)&&""excluded""!==e.ge tAttribute(""data-rocket-lazy-bg-""+t.hash)&&(u.observe(e),(t.elements||=[]).push(e))})}catch(e){console.error(e)}})}n(),function(){const r=window.MutationObserver;return function(e,t){if(e&&1===e.nodeType)return(t=new r(t)).observe(e,{attributes:!0,childList:!0,subtree:!0}),t}}()(document.querySelector(""body""),n)}},{}]},{},[1]);"
33,Compas,"var elementorFrontendConfig = {""environmentMode"":{""edit"":false,""wpPreview"":false,""isScriptDebug"":false},""i18n"":{""shareOnFacebook"":""Bagikan di Facebook"",""shareOnTwitter"":""Bagikan di Twitter"",""pinIt"":""Buat Pin"",""download"":""Unduh"",""downloadImage"":""Unduh gambar"",""fullscreen"":""Layar Penuh"",""zoom"":""Perbesar"",""share"":""Bagikan"",""playVideo"":""Putar Video"",""previous"":""Sebelumnya"",""next"":""Selanjutnya"",""close"":""Tutup"",""a11yCarouselPrevSlideMessage"":""Slide sebelumnya"",""a11yCarouselNextSlideMessage"":""Slide selanjutnya"",""a11yCarouselFirstSlideMessage"":""This is the first slide"",""a11yCarouselLastSlideMessage"":""This is the last slide"",""a11yCarouselPaginationBulletMessage"":""Go to slide""},""is_rtl"":false,""breakpoints"":{""xs"":0,""sm"":480,""md"":768,""lg"":1025,""xl"":1440,""xxl"":1600},""responsive"":{""breakpoints"":{""mobile"":{""label"":""Mobile Portrait"",""value"":767,""default_value"":767,""direction"":""max"",""is_enabled"":true},""mobile_extra"":{""label"":""Mobile Landscape"",""value"":880,""default_value"":880,""direction"":""max"",""is_enabled"":false},""tablet"":{""label"":""Tablet Portrait"",""value"":1024,""default_value"":1024,""direction"":""max"",""is_enabled"":true},""tablet_extra"":{""label"":""Tablet Landscape"",""value"":1200,""default_value"":1200,""direction"":""max"",""is_enabled"":false},""laptop"":{""label"":""Laptop"",""value"":1366,""default_value"":1366,""direction"":""max"",""is_enabled"":false},""widescreen"":{""label"":""Layar lebar"",""value"":2400,""default_value"":2400,""direction"":""min"",""is_enabled"":false}},""hasCustomBreakpoints"":false},""version"":""3.34.4"",""is_static"":false,""experimentalFeatures"":{""additional_custom_breakpoints"":true,""container"":true,""theme_builder_v2"":true,""hello-theme-header-footer"":true,""nested-elements"":true,""home_screen"":true,""global_classes_should_enforce_capabilities"":true,""e_variables"":true,""cloud-library"":true,""e_opt_in_v4_page"":true,""e_interactions"":true,""e_editor_one"":true,""import-export-customization"":true,""mega-menu"":true,""e_pro_variables"":true},""urls"":{""assets"":""https://compas.co.id/wp-content/plugins/elementor/assets/"",""ajaxurl"":""https://compas.co.id/wp-admin/admin-ajax.php"",""uploadUrl"":""https://compas.co.id/wp-content/uploads""},""nonces"":{""floatingButtonsClickTracking"":""2fb4f8f626""},""swiperClass"":""swiper"",""settings"":{""page"":[],""editorPreferences"":[]},""kit"":{""viewport_mobile"":767,""viewport_tablet"":1024,""active_breakpoints"":[""viewport_mobile"",""viewport_tablet""],""global_image_lightbox"":""yes"",""lightbox_enable_counter"":""yes"",""lightbox_enable_fullscreen"":""yes"",""lightbox_enable_zoom"":""yes"",""lightbox_enable_share"":""yes"",""lightbox_title_src"":""title"",""lightbox_description_src"":""description"",""woocommerce_notices_elements"":[],""hello_header_logo_type"":""title"",""hello_header_menu_layout"":""horizontal"",""hello_footer_logo_type"":""logo""},""post"":{""id"":50700,""title"":""Leading%20E-commerce%20Data-Analytics%20Provider%20%26%20E-commerce%20Enabler"",""excerpt"":"""",""featuredImage"":false}};"
34,Compas,"var jkit_ajax_url = ""https://compas.co.id/?jkit-ajax-request=jkit_elements"", jkit_nonce = ""01b7512ea3"";"
35,Compas,"var elementskit = { pemulihan: 'https://compas.co.id/wp-json/elementskit/v1/', }"
36,Compas,"var wc_order_attribution = {""params"":{""lifetime"":1.0e-5,""session"":30,""base64"":false,""ajaxurl"":""https://compas.co.id/wp-admin/admin-ajax.php"",""prefix"":""wc_order_attribution_"",""allowTracking"":t rue},""fields"":{""source_type"":""current.typ"",""referrer"":""current_add.rf"",""utm_campaign"":""current.cmp"",""utm_source"":""current.src"",""utm_medium"":""current.mdm"",""utm_conten t"":""current.cnt"",""utm_id"":""current.id"",""utm_term"":""current.trm"",""utm_source_platform"":""current.plt"",""utm_creative_format"":""current.fmt"",""utm_marketing_tactic"":""curr ent.tct"",""session_entry"":""current_add.ep"",""session_start_time"":""current_add.fd"",""session_pages"":""session.pgs"",""session_count"":""udata.vst"",""user_agent"":""udata.uag""}};"
37,Compas,"window._googlesitekit.wcdata = jendela._googlesitekit.wcdata || {}; window._googlesitekit.wcdata.products = []; window._googlesitekit.wcdata.add_to_cart = null; window._googlesitekit.wcdata.currency = ""IDR""; window._googlesitekit.wcdata.eventsToTrack = [];"
38,Compas,"var IvorySearchVars = {""is_analytics_enabled"":""1""};"
39,Compas,"window.ga4w = { data: {""cart"":{""items"":[],""coupons"":[],""totals"":{""currency_code"":""IDR"",""total_price"":0,""currency_minor_unit"":0}}}, setelan: {""tracker_function_name"":""gtag"",""events"":[""beli"",""tambahkan_ke_keranjang"",""hapus_dari_keranjang"",""view_item_list"",""select_content"",""view_item"",""begin_checkout""],""identifier"":null} }; document.dispatchEvent(Acara baru(""ga4w:siap""));"
40,Compas,"var ElementorProFrontendConfig = {""ajaxurl"":""https://compas.co.id/wp-admin/admin-ajax.php"",""nonce"":""24311bc5a9"",""urls"":{""assets"":""https://compas.co.id/wp-content/plugins/elementor-pro/assets/"",""rest"":""https: //compas.co.id/wp-json/""},""settings"":{""lazy_load_background_images"":true},""popup"":{""hasPopUps"":true},""shareButtonsNetworks"":{""facebook"":{""title"":""Facebook"",""has_counter"":true },""twitter"":{""title"":""Twitter""},""linkedin"":{""title"":""LinkedIn"",""has_counter"":true},""pinterest"":{""title"":""Pinterest"",""has_counter"":true},""reddit"":{""title"":""Reddit"",""has_counte r"":true},""vk"":{""title"":""VK"",""has_counter"":true},""odnoklassniki"":{""title"":""OK"",""has_counter"":true},""tumblr"":{""title"":""Tumblr""},""digg"":{""title"":""Digg""},""skype"":{""title"":""Skype"" },""stumbleupon"":{""title"":""StumbleUpon"",""has_counter"":true},""mix"":{""title"":""Mix""},""telegram"":{""title"":""Telegram""},""pocket"":{""title"":""Pocket"",""has_counter"":true},""xing"":{""title "":""XING"",""has_counter"":true},""whatsapp"":{""title"":""WhatsApp""},""email"":{""title"":""Email""},""print"":{""title"":""Print""},""x-twitter"":{""title"":""X""},""threads"":{""title"":""Threads""}},""woo commerce"":{""menu_cart"":{""cart_page_url"":""https://compas.co.id/keranjang-belanja/"",""checkout_page_url"":""https://compas.co.id/checkout/"",""fragments_nonce"":""eab6ef53c9""}},""faceb ook_sdk"":{""lang"":""id_ID"",""app_id"":""""},""lottie"":{""defaultAnimationUrl"":""https://compas.co.id/wp-content/plugins/elementor-pro/modules/lottie/assets/animations/default.json""}};"
41,Compas,"var ekit_config = {""ajaxurl"":""https://compas.co.id/wp-admin/admin-ajax.php"",""nonce"":""2163cc4f6a""};"
42,Compas,"window.lazyLoadOptions=[{elements_selector:""img[data-lazy-src],.rocket-lazyload"",data_src:""lazy-src"",data_srcset:""lazy-srcset"",data_sizes:""lazy-sizes"",class_loading:""lazyloading"",class_loaded:""la zyloaded"",ambang batas:300,callback_loaded:function(element){if(element.tagName===""IFRAME""&&element.dataset.rocketLazyload==""fitvidskompatibel""){if(element.classList.contains(""lazyloaded"")){if(typeof window.jQuery!=""tidak terdefinisi""){if(jQuery.fn.fitVids){jQuery(element).parent().fitVids()}}}}}},{elements_selector:"".rocket-lazyload"",data_src:""lazy-src"",data_srcset:""lazy -srcset"",data_sizes:""lazy-sizes"",class_loading:""lazyloading"",class_loaded:""lazyloaded"",threshold:300,}];window.addEventListener('LazyLoad::Initialized',function(e){var malasLoadInstance=e.detail.instance;if(window.MutationObserver){var pengamat=baru MutationObserver(fungsi(mutasi){var image_count=0;var iframe_count=0;var rocketlazy_count=0;mutations.forEach(function(mutation){for(var i=0;i0||iframe_count>0||rocketlazy_count>0){lazyLoadInstance.update()}});var b=document.getElementsByTagName(""body"")[0];var config={childList:!0,subtree:!0};observer.observe(b,config)}},!1) (()=>{kelas RocketElementorPreload{constructor(){this.deviceMode=document.createElement(""span""),this.deviceMode.id=""elementor-device-mode-wpr"",this.deviceMode.setAttribute(""class"",""elementor-screen-only""),document.body.appendChild(this.deviceMode)}t(){biarkan t=getComputedStyle(this.deviceMode,"":after"").content.replace(/""/g,"""");this.animationSettingKeys=this.i(t),document.querySelectorAll("".elementor-invisible[data-settings]"").forEach((t=>{const e=t.getBoundingClientRect();if(e.bottom>=0&&e.tope[t]))];if(""none""===n)return void t.classList.remove(""elementor-invisible"");t.classList.remove(n),this.currentAnimation&&t.classList.remove(this.currentAnimation),this.currentAnimation=n;biarkan o=setTimeout((()=>{t.classList.remove(""elementor-invisible""),t.classList.add(""animated"",n),this.l(t,e)}),i);window.addEventListener(""rocket-startLoading"",(function(){clearTimeout(o)}))}i(t=""mobile""){const e=[""""];switch(t){case""mobile"":e.unshift(""_mobile"");case""tablet"":e.unshift(""_tablet"");case""desktop"":e.unshift(""_desktop"")}const i=[];return[""animation"",""_animation""].forEach((t=>{e.forEach((e=>{i.push(t+e)}))})),i}l(t,e){this.i().forEach((t=>hapus e[t])),t.dataset.settings=JSON.stringify(e)}run statis(){const t=baru RocketElementorPreload;requestAnimationFrame(t.t.bind(t))}}document.addEventListener(""DOMContentLoaded"",RocketElementorPreload.run)})();"
43,Frontier,Bisnis - Perbatasan
44,Frontier,Rumah
45,Frontier,Bisnis
46,Frontier,Jelajahi Unit Bisnis Kami
47,Frontier,"Perusahaan kami memiliki beragam unit bisnis khusus, masing-masing berdedikasi untuk memberikan nilai luar biasa di sektornya masing-masing."
48,Frontier,Teknologi Perbatasan
49,Frontier,Teknologi
50,Frontier,"Frontier Technology adalah penyedia teknologi pemasaran terkemuka di Indonesia yang telah melayani klien korporat di bidang perbankan, ecommerce, telekomunikasi, dan banyak sektor vertikal lainnya."
51,Frontier,TENTANG
52,Frontier,"Frontier Technology berspesialisasi dalam menciptakan proses otomatisasi pemasaran melalui analisis data tingkat lanjut, pemanfaatan, dan aplikasi khusus."
53,Frontier,"Solusi teknologi pemasaran seperti email, Whatsapp, keterlibatan aplikasi, dan banyak lainnya untuk membantu perusahaan terlibat dan berkomunikasi lebih baik dengan pelanggan mereka."
54,Frontier,Otomatisasi Pemasaran
55,Frontier,Aplikasi Kustom yang Canggih
56,Frontier,PLATFORM
57,Frontier,Memberdayakan Strategi Anda dengan Platform Kami
58,Frontier,"Sebagai mesin di balik teknologi digital Frontier, Frontier Apps selalu berupaya menghadirkan aplikasi berkualitas dan canggih yang dapat diandalkan dan mudah digunakan."
59,Frontier,"Perusahaan terkemuka dalam email, otomatisasi pemasaran seluler, platform mesin pemasaran pertumbuhan yang membantu perusahaan memberikan pengalaman pelanggan 1 banding 1 yang luar biasa"
60,Frontier,Spradz! adalah platform digital lengkap dan komunitas influencer untuk kesadaran merek. Kendalikan promosi Anda dengan dasbor terbuka kami!
61,Frontier,"Platform Pengalaman Produk tanpa kode yang membantu manajer produk dan pemasar dalam meningkatkan aktivasi, konversi, adopsi, dan keterlibatan menggunakan petunjuk dan panduan."
62,Frontier,Perbatasan Digital
63,Frontier,Frontier Digital adalah mitra dan pemecah masalah yang dengan percaya diri menyediakan alat canggih dan strategi digital.
64,Frontier,Penelitian Perbatasan
65,Frontier,Riset
66,Frontier,Riset Pemasaran Berbasis di Indonesia Frontier Research
67,Frontier,Frontier Research adalah lembaga riset pemasaran terkemuka di Indonesia yang telah melayani ratusan perusahaan lokal dan entitas terkait pemerintah serta perusahaan multinasional.
68,Frontier,Frontier Research adalah salah satu dari sedikit lembaga riset pemasaran di Indonesia yang telah menerapkan metodologi offline dan online untuk memberikan layanan penelitian.
69,Frontier,"Frontier Research unggul dalam berbagai metodologi penelitian untuk mendukung dan membekali perusahaan dengan data, informasi, dan rekomendasi yang relevan."
70,Frontier,Survei Kepuasan & Loyalitas Pelanggan
71,Frontier,Riset Ekuitas Merek
72,Frontier,Riset Nilai & Harga
73,Frontier,Studi Observasi Perilaku
74,Frontier,Konsep & Pengujian Produk
75,Frontier,Pengujian Periklanan & Komunikasi
76,Frontier,Segmentasi Pasar & Riset Penargetan
77,Frontier,Studi U&A (Penggunaan & Sikap).
78,Frontier,Riset UX (Pengalaman Pengguna)
79,Frontier,Belanja Misteri
80,Frontier,MENGAPA MEMILIH RISET FRONTIER
81,Frontier,"Berbasis Data, Dipimpin Wawasan"
82,Frontier,Frontier Research bukan hanya soal angka. Kami mengubah angka & data menjadi wawasan strategis yang relevan dan dapat ditindaklanjuti untuk keputusan bisnis Anda.
83,Frontier,Keahliannya Terbukti Sejak Tahun 1996
84,Frontier,"Dengan pengalaman lebih dari 29 tahun & ratusan proyek sukses di berbagai industri, Frontier Research dipercaya oleh merek-merek ternama baik domestik maupun multinasional."
85,Frontier,Penelitian Berbasis Teknologi
86,Frontier,"Memanfaatkan teknologi mutakhir dalam proses survei yaitu CAWI, CAPI, mobile dashboard & panel online untuk efisiensi, akurasi & kecepatan pelaporan yang lebih baik. Frontier Research juga mengintegrasikan Artificial Intelligence (AI) dalam proses penelitian, mulai dari pembersihan data otomatis, analisis sentimen, hingga pemodelan prediktif."
87,Frontier,CAKUPAN
88,Frontier,Cakupan Komprehensif untuk Kebutuhan Penelitian Anda
89,Frontier,Jumlah Cabang Langsung di Indonesia
90,Frontier,Jumlah Cabang Tidak Langsung di Indonesia
91,Frontier,1000+
92,Frontier,Jumlah Pewawancara Lapangan
93,Frontier,FIRE adalah aplikasi survei independen untuk memudahkan proses pengambilan data dari responden ke pewawancara melalui koneksi internet.
94,Frontier,Q7 menghadirkan konsep unik platform survei online di mana responden dapat memilih survei pilihan mereka dan mendapatkan imbalan setelah menyelesaikannya.
95,Frontier,Riset Pemasaran Indonesia
96,Frontier,"Frontier Research adalah firma riset pemasaran independen terkemuka di Indonesia, yang melayani perusahaan lokal, lembaga pemerintah, dan perusahaan multinasional. Dengan pengalaman lebih dari dua dekade, kami menerapkan metodologi offline dan online untuk memberikan wawasan yang dapat ditindaklanjuti, membantu bisnis menavigasi lanskap pasar Indonesia yang beragam."
97,Frontier,Riset Ekuitas Merek Indonesia
98,Frontier,"Di Frontier Research, kami berspesialisasi dalam penelitian ekuitas merek, yang memberikan analisis mendalam kepada bisnis mengenai kesadaran merek, loyalitas, dan persepsi pelanggan di berbagai demografi Indonesia. Metodologi kami yang relevan dengan budaya dan analisis canggih kami memberdayakan merek untuk memperkuat posisi pasar dan nilai jangka panjang mereka."
99,Frontier,Bagaimana Penelitian Frontier Dapat Membantu
100,Frontier,"Frontier Research membantu dunia usaha di Indonesia mengambil keputusan yang lebih cerdas dan berbasis data melalui wawasan yang andal dan bernuansa lokal. Baik Anda meluncurkan produk baru, mengukur kinerja merek, atau mengeksplorasi perilaku konsumen, solusi penelitian kami dirancang untuk memenuhi tujuan unik Anda. Dengan keahlian mendalam dalam metode kuantitatif dan kualitatif, kemampuan lapangan nasional, dan fokus pada hasil praktis, Frontier Research memberdayakan merek untuk tetap kompetitif dan relevan dalam pasar yang dinamis."
101,Frontier,Badan Riset Pasar
102,Frontier,"Sebagai lembaga riset pasar terkemuka di Indonesia, Frontier Research menawarkan layanan komprehensif, termasuk survei kepuasan pelanggan, studi perilaku, dan riset harga. Jaringan kami yang luas, terdiri dari enam cabang langsung, 24 cabang tidak langsung, dan lebih dari 1.000 pewawancara lapangan, memastikan cakupan nasional dan pengumpulan data yang andal."
103,Frontier,Media & Acara Perbatasan
104,Frontier,Media & Acara
105,Frontier,Majalah Marketing saat ini merupakan media B2B terkemuka yang menampilkan para pemimpin bisnis terkemuka dan para profesional muda serta wirausahawan muda yang menginspirasi.
106,Frontier,Cara paling nyaman bagi pemasar untuk terus mendapatkan informasi terbaru dan melibatkan audiens melalui acara yang dipersiapkan dengan baik
107,Frontier,MEREK TERATAS
108,Frontier,Menganalisis & Memahami Kinerja Merek
109,Frontier,Majalah Marketing bekerja sama dengan Frontier Research telah menghasilkan TOP Brand Award yang merupakan penghargaan branding nomor 1 bagi perusahaan dan produk di Indonesia sejak tahun 2007.
110,Frontier,"Setiap tahun kami mewawancarai lebih dari 100.000 konsumen dari 15 kota besar di Indonesia tentang kesadaran dan perilaku pembelian mereka terhadap lebih dari 700 kategori produk. Mulai dari BCA, Indomie dan Sanyo hingga Kopi Janji Jiwa dan Halodoc, lebih dari 2.000 merek menerima penghargaan TOP Brand setiap tahunnya."
111,Frontier,Setiap tahun kami mewawancarai lebih dari 100.000 konsumen dari 15 kota besar di Indonesia tentang kesadaran dan perilaku pembelian mereka terhadap lebih dari 700 kategori produk.
112,Frontier,"Mulai dari BCA, Indomie dan Sanyo hingga Kopi Janji Jiwa dan Halodoc, lebih dari 2.000 merek menerima penghargaan TOP Brand setiap tahunnya."
113,Frontier,Penyedia Pengalaman dan Wawasan Berkualitas Tinggi
114,Frontier,"Majalah pemasaran terkemuka di Indonesia, menyediakan artikel berkualitas tinggi dan terpercaya tentang penjualan, layanan, periklanan, dan PR selama lebih dari 18 tahun."
115,Frontier,Marketing.co.id merupakan portal berita online yang menawarkan wawasan dan pengetahuan seputar pemasaran untuk pengembangan diri di bidang pemasaran.
116,Frontier,"EO One berspesialisasi dalam acara-acara menarik, yang diselenggarakan sepenuhnya oleh tim berpengalaman untuk keunggulan dalam proses dan hasil."
117,Frontier,Modal Perbatasan oleh Frontier
118,Frontier,VC yang berbasis di Jakarta yang berinvestasi pada startup tahap awal baik lokal maupun luar negeri.
119,Frontier,"Platform emas digital untuk perdagangan dan gadai, dan didukung oleh salah satu perusahaan perhiasan terbesar di Indonesia."
120,Frontier,Penyedia pembaca kartu elektronik yang proyek terkenalnya termasuk Jaklingko yang berdampak pada kehidupan jutaan warga Jakarta setiap hari.
121,Frontier,"NTMY menawarkan layanan desain grafis berbasis langganan, termasuk pengembangan merek, media sosial, desain UI/UX, dan produksi aset."
122,Frontier,Platform pembelajaran online yang memberi mahasiswa akses ke program kampus melalui aplikasi seluler dan web.
123,Frontier,"Komunitas pembelanja terbesar di Indonesia dengan 2 juta+ pengikut media sosial, membantu pengguna menghemat uang dan bisnis menghasilkan lalu lintas ke toko mereka."
124,Frontier,Pendidikan Perbatasan
125,Frontier,Pendidikan
126,Frontier,Frontier Education adalah penyedia layanan pelatihan korporat terkemuka di Indonesia selama 20+ tahun.
127,Frontier,Frontier Education menawarkan layanan pelatihan profesional yang berfokus pada industri untuk klien publik dan internal.
128,Frontier,LAYANAN
129,Frontier,Pemberdayaan Melalui Pelatihan
130,Frontier,Manfaat Pelatihan In House
131,Frontier,"Modul & materi pelatihan yang disesuaikan, khususnya untuk memenuhi kebutuhan klien"
132,Frontier,"Studi kasus khusus, dibuat khusus agar relevan dengan pengalaman klien"
133,Frontier,Program ini dibatasi untuk 20 – 25 orang agar tetap kecil & fokus
134,Frontier,Manfaat Pelatihan Publik
135,Frontier,"Peserta akan terus mendapat informasi terkini tentang tren, strategi & konsep pemasaran terkini"
136,Frontier,"Berbagai topik dari pelatih yang berwawasan luas, dijadwalkan satu tahun ke depan"
137,Frontier,PROGRAM
138,Frontier,Sekilas Tentang Program Pelatihan Kami
139,Frontier,Manajemen Hubungan Pelanggan
140,Frontier,Manajemen Merek Strategis
141,Frontier,Strategi Penjualan
142,Frontier,peduli
143,Frontier,"Sebelumnya dikenal sebagai CCSL (Pusat Kepuasan & Loyalitas Pelanggan), Carre Service Quality Monitoring didedikasikan untuk membantu perusahaan meningkatkan kualitas layanannya."
144,Frontier,Membantu perusahaan dalam memberikan rekomendasi dan wawasan untuk peningkatan layanan.
145,Frontier,"Pemantauan Kualitas Layanan Carre menawarkan sistem holistik untuk manajemen kualitas layanan perusahaan yang andal, mulai dari interaksi tatap muka tradisional hingga titik kontak digital."
146,Frontier,Pemantauan Pusat Kontak
147,Frontier,Audit Pelayanan
148,Frontier,Membangun Cetak Biru Layanan yang sepenuhnya baru
149,Frontier,KLIEN
150,Frontier,Klien Yang Telah Bermitra Dengan Kami
151,Frontier,PRODUK
152,Frontier,Menawarkan Standar Keunggulan
153,Frontier,Penghargaan yang diberikan atas pemantauan kinerja contact center di Indonesia dalam mencapai customer excellency.
154,Frontier,Penghargaan yang diberikan kepada brand atau perusahaan yang berhasil memberikan kepuasan pelanggan melalui layanannya.
155,Infovesta,Infovesta - Providing Solutions
156,Infovesta,Solusi
157,Infovesta,Dibutuhkan banyak keahlian untuk menciptakan sebuah solusi investasi.
158,Infovesta,Anda sedang berada pada tempat yang tepat untuk hal tersebut.
159,Infovesta,"Tim riset Infovesta terdiri dari profesional yang berpengalaman dan handal untuk menyelesaikan segala urusan investasi. Dengan berbekal gelar CFA, PFM, dan CRMP sebagai modal setiap anggota tim, kami siap membantu Anda menangani kesulitan-kesulitan yang Anda tidak pernah temukan jalan keluar sebelumnya."
160,Infovesta,"Kami memecahkan masalah. Jasa yang kami berikan merupakan layanan utama kami untuk menjawab pertanyaan yang sering diajukan (FAQ) tentang berbagai hal, mulai dari pertanyaan umum seputar investasi sampai dengan metodologi untuk membuat strategi portofolio investasi. Kami menumpas tuntas segala akar permasalahan investasi dari segala perspektif yang telah kami peroleh dari pengalaman-pengalaman kami sebelumnya."
161,Infovesta,"Kami menghemat waktu Anda. Proses pengumpulan data, analisis, sampai mempersiapkan output berupa laporan atas hasil dan kesimpulan dari penelitian tentu merepotkan sebagian perusahaan yang memiliki sumber daya terbatas. Melalui kami, Anda tidak perlu melakukannya sendiri. Selain menghemat sumber daya manusia, jasa riset kami mampu menghemat waktu Anda. Dengan jasa riset kami, perusahaan Anda dapat memperoleh informasi berharga tentang investasi secara lebih efektif dan efisien."
162,Infovesta,"Kami memperkuat Tim Anda. Kami terdiri dari profesional yang siap untuk membagikan ilmu yang kami peroleh kepada Anda melalui diskusi terbuka. Hal ini berarti, kami memberikan Anda kesempatan untuk memahami proses yang kami lakukan sampai kami bisa mencapai hasil akhir."
163,Infovesta,JASA YANG KAMI TAWARKAN
164,Infovesta,Penyusunan Standar Operasional Prosedur (SOP) Perusahaan
165,Infovesta,"Kegiatan perusahaan yang baik berawal dari arahan strategi yang jelas. Hal apa saja yang boleh dilakukan dan hal apa saja yang harus dihindari, bagaimana melakukan analisis dan menentukan target perusahaan, serta bagaimana melakukan evaluasi dan menghitung potensi pencapaian target dengan lengkap dan jelas dijabarkan dalam SOP. Dengan demikian, tim manajemen perusahaan akan memiliki panduan yang jelas dalam mengelola perusahaan dan dapat mempertanggung jawabkan semua kebijakan yang telah diambil. Berbekal pengalaman dalam membantu penyusunan SOP, tim Infovesta akan merancang suatu SOP yang komprehensif dan mencakup berbagai metodologi terkini untuk membantu perusahaan klien."
166,Infovesta,Lihat Selengkapnya
167,Infovesta,Penyusunan Rencana Investasi (Strategic Asset Allocation)
168,Infovesta,"Untuk menjawab tantangan yang berkembang dalam dunia invetasi, pengelola investasi perlu memiliki rencana yang matang untuk membentuk portfolio yang sesuai dengan ekspektasi perusahaan. Infovesta dapat membantu klien untuk menyusun rencana investasi yang matang dan dapat dengan mudah diimplementasikan, mulai dari mempersiapkan data-data pendukung, melakukan forecasting, hingga mengembangkan model portfolio, baik menggunakan pendekatan Asset Only (seperti Mean Variance Optimization) maupun pendekatan Asset Liability Management. Rencana investasi yang disusun juga disertai dengan berbagai analisis scenario untuk membantu klien memutuskan rencana yang dinilai paling sesuai dengan kebutuhannya."
169,Infovesta,Riset Pasar Modal
170,Infovesta,"Analisis dan informasi adalah kunci utama dalam kesuksesan berinvestasi. Siapa yang dapat memiliki dan memanfaatkan keduanya memiliki peluang lebih baik untuk berhasil dalam kegiatan investasi yang dijalani. Infovesta sebagai penyedia data investasi pasar modal terlengkap di Indonesia juga memperluas layanan hingga mencakup kegiatan analisis investasi melalui riset-riset yang dipublikasikan secara luas maupun riset-riset eksklusif yang tailor made sesuai kebutuhan klien. Mulai dari riset pemilihan investasi (saham, obligasi, produk reksa dana dan produk pasar uang), hingga valuasi asset maupun riset-riset terkait investasi lainnya dapat disediakan secara lengkap."
171,Infovesta,Riset dan Pengembangan Standar Manajemen Risiko
172,Infovesta,"Kegiatan investasi secara umum adalah aktivitas yang mengandung risiko. Namun alih-alih dihindari, risiko investasi justru harus dihadapi dan ditangani dengan baik. Infovesta menyediakan jasa untuk membantu investor untuk menghadapi risiko investasi mulai dari penyediaan berbagai metode pengukuran risiko, pengembangan standar prosedur bagi divisi manajemen risiko, hingga kegiatan pendampingan dalam analisis, serta mitigasi risiko."
173,Infovesta,Produk & Jasa
174,Infovesta,PRODUK YANG KAMI TAWARKAN
175,Infovesta,Investasipro
176,Infovesta,"Sebagai dukungan untuk para pengelola portofolio investasi dalam organisasi, kami menciptakan sistem yang mengintegrasikan proses perencanaan, implementasi hingga pemantauan portofolio investasi. INVESTPRO memungkinkan interaksi multi-user antar tim investasi dan memantau serta merekam setiap transaksi untuk kepentingan audit dan justifikasi."
177,Infovesta,Platform Pembelajaran dan Kolaborasi Online
178,Infovesta,"Saat ini, manfaat pembelajaran virtual diakui oleh banyak pengusaha, universitas, pemimpin industri, karyawan, dan siswa. Kursus online cenderung lebih nyaman, lebih murah dan berpotensi mendatangkan lebih banyak siswa daripada kursus/pelatihan tradisional."
179,Infovesta,UMPAN DATA
180,Infovesta,"Perusahaan membutuhkan penyusunan data yang baik agar dapat membantu para pimpinan atau pengambil kebijakan dalam menyusun rencana kegiatan dan mengambil sebuah keputusan. Data Feed merupakan mekanisme bagi perusahaan untuk menerima data dari sumbernya. Dengan Data Feed, perusahaan tidak lagi terbeban untuk melakukan look-up data secara manual karena adanya sebuah sistem yang mampu mengirimkan data ke database perusahaan Anda secara otomatis."
181,Infovesta,OFORU
182,Infovesta,"Dapatkan kemudahan dalam menawarkan solusi keuangan untuk Nasabah Anda, dengan menggunakan aplikasi yang memadukan kecanggihan teknologi dan kehandalan tim penasihat investasi INFOVESTA. Aplikasi OFORU diciptakan untuk dapat memberikan rekomendasi produk yang paling cocok dengan kondisi pasar, tujuan keuangan dan profil risiko Nasabah Anda."
183,Infovesta,Menciptakan solusi dalam industri investasi memerlukan banyak keahlian teknis.
184,Infovesta,"Oleh karena itu, Anda datang ke tempat yang tepat."
185,Infovesta,"Tim riset Infovesta terdiri dari para profesional berpengalaman dan handal yang menangani segala hal terkait investasi. Setiap anggota tim memegang gelar CFA, PFM dan CRMP. Atas dasar ini, kami semua siap membantu Anda menghadapi kesulitan yang belum pernah Anda temukan solusinya sebelumnya."
186,Infovesta,"Kami memecahkan masalah. Layanan utama yang kami tawarkan adalah memberikan jawaban atas pertanyaan umum (FAQ), mulai dari pertanyaan umum tentang investasi hingga pendekatan pengembangan strategi portofolio. Berdasarkan pengalaman kami sebelumnya, kami akan menyelesaikan sepenuhnya akar penyebab semua masalah investasi."
187,Infovesta,"Kami membantu Anda menghemat waktu Layanan penelitian kami mencakup pengumpulan dan analisis data hingga persiapan keluaran hasil penelitian yang telah selesai dan laporan kesimpulan. Hal ini akan menimbulkan banyak masalah bagi beberapa perusahaan dengan sumber daya yang terbatas. Bersama kami, Anda tidak perlu melakukannya sendiri. Selain menghemat sumber daya manusia, layanan penelitian kami juga dapat menghemat waktu Anda. Dengan layanan penelitian kami, perusahaan Anda dapat memperoleh informasi berharga tentang investasi dengan lebih efektif dan efisien."
188,Infovesta,Kami memperkuat tim Anda Kami adalah tim profesional yang bersedia berbagi ilmunya dengan Anda melalui diskusi terbuka. Artinya kami memberi Anda kesempatan untuk memahami proses apa saja yang kami lakukan untuk mencapai hasil akhir.
189,Infovesta,Layanan yang kami sediakan
190,Infovesta,Menyiapkan prosedur operasi standar (SOP) perusahaan
191,Infovesta,"Aktivitas perusahaan yang baik dimulai dengan arah strategis yang jelas. Apa yang harus dilakukan, apa yang harus dihindari, bagaimana menganalisis dan mengidentifikasi perusahaan sasaran, serta bagaimana mengevaluasi dan menghitung potensi pencapaian tujuan dijelaskan secara lengkap dan jelas dalam SOP. Oleh karena itu, tim manajemen perusahaan akan memiliki pedoman yang jelas dalam mengelola perusahaan dan mampu menyikapi seluruh kebijakan yang diambil. Tim Infovesta berpengalaman dalam membantu penyusunan SOP dan akan merancang SOP yang komprehensif serta mencakup metode terkini untuk membantu perusahaan klien."
192,Infovesta,Baca selengkapnya
193,Infovesta,Mengembangkan rencana investasi (alokasi aset strategis)
194,Infovesta,"Untuk menghadapi tantangan yang semakin meningkat dalam dunia investasi, manajer investasi perlu memiliki rencana yang canggih untuk membentuk portofolio investasi yang memenuhi harapan perusahaan. Infovesta dapat membantu klien mengembangkan rencana investasi yang matang dan dapat dengan mudah mengimplementasikannya mulai dari menyiapkan data pendukung, peramalan, mengembangkan model portofolio, menggunakan metode penilaian aset saja (seperti optimasi mean variance) atau metode manajemen aset-liabilitas. Rencana investasi yang direncanakan juga disertai dengan berbagai analisis skenario, untuk membantu klien memutuskan rencana mana yang paling sesuai dengan kebutuhan mereka."
195,Infovesta,riset pasar modal
196,Infovesta,"Analisis dan informasi adalah kunci keberhasilan investasi. Siapapun yang memiliki dan memanfaatkan keduanya mempunyai peluang lebih besar untuk melakukan kegiatan investasi yang sukses. Infovesta, penyedia data investasi pasar modal terlengkap di Indonesia, telah memperluas layanannya dengan mencakup kegiatan analisis investasi melalui penelitian yang dipublikasikan secara luas serta penelitian eksklusif yang disesuaikan dengan kebutuhan klien. Mulai dari riset pemilihan investasi (saham, obligasi, produk reksa dana, dan produk pasar uang), riset terkait investasi seperti evaluasi aset dapat diberikan secara komprehensif."
197,Infovesta,Penelitian dan pengembangan standar manajemen risiko
198,Infovesta,"Berinvestasi secara umum adalah aktivitas yang berbahaya. Namun risiko investasi bukan untuk dihindari, melainkan harus ditangani dan ditangani dengan baik. Infovesta memberikan layanan untuk membantu investor menghadapi risiko investasi, mulai dari menyediakan berbagai metode pengukuran risiko, mengembangkan prosedur standar departemen manajemen risiko, menganalisis aktivitas panduan dan mitigasi risiko."
199,Infovesta,Dibutuhkan banyak keahlian untuk menciptakan solusi investasi.
200,Infovesta,Anda berada di tempat yang tepat untuk itu.
201,Infovesta,"Tim riset Infovesta didukung oleh tenaga profesional berpengalaman dan handal untuk menyelesaikan segala urusan investasi. Tim kami adalah profesional berpengalaman yang telah memiliki gelar di berbagai bidang termasuk CFA, PFM, CRMP. Kami siap membantu Anda menghadapi kesulitan yang belum pernah Anda temukan jalan keluarnya sebelumnya."
202,Infovesta,Kami memecahkan masalahnya. Kami menyediakan layanan untuk menjawab pertanyaan umum (FAQ) mulai dari pertanyaan investasi umum hingga metodologi dalam membuat strategi portofolio investasi. Kami menyelesaikan semua masalah investasi dari semua perspektif yang kami peroleh dari pengalaman kami sebelumnya.
203,Infovesta,"Kami menghemat waktu Anda. Proses pengumpulan data, analisis, dan penyusunan laporan terkadang menjadi kendala bagi beberapa perusahaan yang memiliki sumber daya terbatas. Bersama kami, Anda tidak perlu melakukannya sendiri. Selain menghemat sumber daya manusia, layanan penelitian kami juga berhasil menghemat waktu Anda. Perusahaan Anda dapat memperoleh informasi berharga mengenai investasi dengan lebih efektif dan efisien."
204,Infovesta,"Kami memperkuat Tim Anda. Tim kami terdiri dari pakar investasi yang siap berbagi ilmu melalui diskusi terbuka. Artinya, kami memberikan kesempatan kepada Anda untuk memahami proses yang kami lakukan hingga mencapai hasil."
205,Infovesta,LAYANAN KAMI
206,Infovesta,Penyusunan Prosedur Operasional Standar Perusahaan
207,Infovesta,"Aktivitas perusahaan yang baik dimulai dengan strategi yang jelas untuk membantu perusahaan mengambil keputusan yang baik mengenai peluang dan risiko yang harus dihindari, cara menganalisis dan menentukan target perusahaan, serta cara mengevaluasi dan menghitung potensi pencapaian target yang dijelaskan secara lengkap dan jelas dalam prosedur. Dengan demikian, tim manajemen akan memiliki pedoman yang jelas dalam mengelola perusahaan dan mampu mempertanggungjawabkan seluruh kebijakan yang telah diambil. Kami telah membantu banyak investor institusi untuk membuat penyusunan SOP yang baik seperti yang ditulis sebelumnya. Oleh karena itu, kami adalah mitra terbaik untuk membantu Anda membuat SOP yang komprehensif."
208,Infovesta,Lihat lebih banyak
209,Infovesta,Penyusunan Perencanaan Investasi (Alokasi Aset Strategis)
210,Infovesta,"Manajer investasi harus mempunyai strategi yang baik untuk menempatkan aset investasi dalam portofolionya yang sesuai dengan ekspektasi atau target. Infovesta dapat membantu klien untuk mengembangkan rencana investasi komprehensif yang dapat diimplementasikan dengan mudah, seperti persiapan data, perkiraan data, pemodelan portofolio, menggunakan pendekatan Asset Only (atau dikenal dengan Mean Variance Optimization) dan pendekatan Asset Liability Management. Rencana investasi yang dilengkapi dengan berbagai analisis dan skenario investasi dapat membantu klien memutuskan rencana yang paling sesuai dengan kebutuhannya."
211,Infovesta,Riset Pasar Modal
212,Infovesta,"Analisis dan informasi merupakan kunci keberhasilan dalam berinvestasi. Kami menyadari keberhasilan analisis tidak lepas dari data sebagai komponen intrinsik pengelolaan perhitungan. Infovesta sebagai penyedia solusi data terlengkap di Indonesia menyediakan layanan yang mencakup kegiatan analisis investasi melalui penelitian yang dipublikasikan secara luas dan penelitian eksklusif yang dibutuhkan klien. Kami menyediakan penelitian di berbagai sektor investasi pasar modal (saham, obligasi, produk reksa dana dan produk pasar uang), hingga penilaian aset dan penelitian terkait lainnya."
213,Infovesta,Penelitian dan Pengembangan Standar Manajemen Risiko
214,Infovesta,"Kegiatan investasi secara umum digambarkan sebagai suatu kegiatan yang mengandung risiko. Risiko merupakan besarnya penyimpangan antara return yang diharapkan dengan return yang sebenarnya. Namun, aturan praktisnya adalah semakin tinggi risikonya, semakin baik keuntungannya. Infovesta memberikan layanan untuk membantu investor dalam menghadapi risiko investasi. Kami membantu klien mengembangkan metode pengukuran risiko, prosedur standar divisi manajemen risiko, hingga pelatihan analisis dan mitigasi risiko."
215,Infovesta,"Sebagai dukungan bagi manajer portofolio investasi dalam organisasi, kami menciptakan sistem yang mengintegrasikan proses perencanaan, pelaksanaan dan pemantauan dalam portofolio investasi. INVESTPRO memungkinkan interaksi multi-pengguna dalam tim investasi dan pemantauan transaksi serta pencatatan data untuk tujuan audit dan justifikasi."
216,Infovesta,"Saat ini, manfaat pembelajaran virtual telah diakui oleh banyak perusahaan, universitas, pemimpin industri, karyawan, dan pelajar. Kursus online cenderung lebih nyaman, lebih murah, dan berpotensi mendatangkan lebih banyak siswa dibandingkan kursus/pelatihan tradisional."
217,Infovesta,Perusahaan memerlukan penyiapan data yang baik guna membantu pengambil kebijakan dalam menyusun rencana aksi dan mengambil keputusan. Data Feed merupakan mekanisme bagi perusahaan untuk menerima data dari sumbernya. Perusahaan tidak boleh melakukan pencarian data manual karena sistem kami dapat mengirimkan data ke database Anda secara otomatis dengan Data Feed.
218,Infovesta,"Dapatkan kemudahan dalam menawarkan solusi keuangan kepada nasabah Anda, dengan menggunakan aplikasi yang memadukan teknologi canggih dan kehandalan tim penasihat investasi INFOVESTA. Aplikasi OFORU diciptakan untuk dapat memberikan rekomendasi produk yang paling sesuai dengan kondisi pasar, tujuan keuangan dan profil risiko pelanggan Anda."
219,Infovesta,Produk yang kami tawarkan
220,Infovesta,INVESTASIPRO
221,Infovesta,"Sebagai dukungan kepada manajer portofolio di tim kami, kami menciptakan sistem yang mengintegrasikan perencanaan, implementasi, dan pemantauan portofolio. INVESTPRO mendukung interaksi antara tim investasi dan banyak pengguna, memantau dan mencatat setiap transaksi untuk ditinjau dan dibenarkan"
222,Infovesta,"Di zaman sekarang ini, manfaat pembelajaran virtual diakui oleh banyak perusahaan, universitas, pemimpin industri, karyawan, dan pelajar. Kursus online bisa lebih nyaman, lebih murah, dan berpotensi menarik lebih banyak siswa dibandingkan kursus/pelatihan tradisional."
223,Infovesta,"Perusahaan membutuhkan pengumpulan data yang baik untuk membantu para pemimpin atau pengambil kebijakan merumuskan rencana aksi dan keputusan. Data feed adalah mekanisme yang memungkinkan perusahaan menerima data dari sumber data. Dengan menggunakan transfer data, perusahaan tidak perlu lagi melakukan query data secara manual karena sistem secara otomatis mentransfer data ke database perusahaan."
224,Infovesta,"Tawarkan klien Anda kemudahan solusi keuangan dengan menggunakan aplikasi yang menggabungkan teknologi canggih dan keandalan tim penasihat investasi INFOVESTA. Aplikasi OFORU diciptakan untuk dapat memberikan rekomendasi produk yang paling sesuai dengan kondisi pasar, tujuan keuangan, dan profil risiko klien Anda."
225,Poltracking,Layanan – Pelacakan Pol
226,Poltracking,Hitung Cepat
227,Poltracking,"Layanan hitung cepat pemilu Poltracking Indonesia dikenal paling akurat dan presisi. Pengambilan sampel dilakukan langsung dari TPS strategis dan dianalisis menggunakan metodologi ilmiah, sehingga hasilnya selalu selaras dengan penghitungan resmi KPU. Poltracking telah terbukti menjadi referensi tepercaya sejak Pilkada 2018, Pilpres 2019, dan Pilkada 2020, Pileg 2024, Pilpres 2024 dan Pilkada 2024."
228,Poltracking,Riset Media & Digital (Medmon)
229,Poltracking,"Melalui Media & Digital Monitoring, Poltracking memetakan persepsi publik, mengukur dinamika opini, serta membaca tren sosial dan politik. Analisis dilakukan dengan metode kuantitatif terhadap pemberitaan di media arus utama, portal digital, televisi, dan media sosial, sehingga klien dapat mengendalikan isu dan memperkuat positioning publik secara strategis."
230,Populix,Riset Kebijakan & Sosial Membantu Pemerintah dan Perusahaan
231,Populix,Amplifikasi Riset
232,Populix,Perencanaan Strategis & Evaluasi Program
233,Populix,Riset Sosial & Perilaku
234,Populix,Pengembangan Kebijakan & Indeks
235,Populix,Solusi Ekonomi & Bisnis
236,Populix,Komunikasi Strategis
237,Populix,Pahami Berbagai Industri & Pasar dengan Riset Pasar
238,Populix,Riset Merek
239,Populix,Riset Produk
240,Populix,Tinjauan Pasar
241,Populix,Riset Iklan
242,Populix,Pengalaman Pelanggan
243,Populix,Layanan Khusus
244,Populix,populis
245,Populix,Fasilitas
246,Populix,Fasilitas Riset Premium di Pusat Kota Jakarta
247,Populix,Ruang Kita
248,Populix,Fasilitas Lainnya
249,Populix,Dirancang untuk Mendukung
250,Populix,Jadwalkan Sesi Anda
251,Populix,Siap menggali insight lebih dalam? Jadwalkan sesi Anda sekarang di Populix Insight Hub!
252,Populix,Pertanyaan yang Sering Diajukan
253,Populix,Yang Perlu Anda Ketahui
254,Populix,"Ya. Populix terdiri dari peneliti dan profesional berpengalaman dengan keahlian mendalam di berbagai bidang. Dengan rekam jejak yang kuat dalam melakukan berbagai penelitian menggunakan berbagai metodologi, kami menawarkan dukungan tambahan, termasuk rekrutmen peserta, moderasi, dan analisis laporan yang tersedia dengan biaya tambahan."
255,Populix,"Pembatalan yang dilakukan setidaknya 48 jam sebelum jadwal akan mendapatkan pengembalian dana penuh. Untuk pembatalan yang dilakukan dalam waktu kurang dari 48 jam, biaya pembatalan sebesar 5% mungkin dikenakan. Penjadwalan ulang gratis hingga 24 jam sebelumnya, tergantung pada ketersediaan ruang."
256,Populix,"Ya, Anda dipersilakan untuk membawa peralatan tambahan, asalkan tidak merusak ruangan atau mengganggu operasi yang sedang berlangsung. Katering juga diperbolehkan, kecuali untuk peralatan yang memerlukan pemanasan (misalnya, pemanas makanan atau kompor). Harap dicatat bahwa kerusakan pada ruangan atau fasilitas dapat dikenakan denda."
257,Populix,"Jam operasional kami adalah Senin hingga Jumat, 09.00 – 18.00."
258,Populix,Ya. Kami menawarkan paket kustom untuk penggunaan jangka panjang atau berulang. Hubungi kami untuk membahas rencana yang sesuai dengan kebutuhan Anda dan nikmati harga khusus serta manfaat tambahan.
259,Populix,Layanan Responden dan User Loyalty Program
260,Populix,Targetkan Responden dengan Tepat
261,Populix,Layanan kami ideal untuk bisnis yang membutuhkan responden spesifik dan berkualitas.
262,Populix,Akses Langsung ke Responden
263,Populix,Temukan responden beragam dan berkualitas.
264,Populix,Hasil Cepat
265,Populix,Pengaturan mudah dengan teknologi terbaru.
266,Populix,Mudah dan Tanpa Ribet
267,Populix,Dapatkan data real-time untuk analisis cepat.
268,Populix,Jelajah Lebih Dalam ke Komunitas Kami
269,Populix,"Memanfaatkan teknologi canggih, proses penyaringan kami cepat, akurat, dan dapat diandalkan. Mari telusuri gambaran komprehensif tentang komunitas kami, termasuk statistik utama tentang komposisi panel, profil responden, dan distribusi demografis."
270,Populix,Pemenuhan Responden Tanpa Ribet
271,Populix,Perjelas Target Anda
272,Populix,Tentukan kriteria detail untuk menjangkau demografi yang tepat.
273,Populix,Koneksi Mudah
274,Populix,Gunakan alat survei Anda untuk terhubung dengan responden kami.
275,Populix,Dapatkan Data
276,Populix,Kumpulkan wawasan dengan cepat untuk mendukung strategi Anda.
277,Populix,Selesaikan proyek survei Anda dengan efisien dan efektif menggunakan responden yang tepat.
278,Populix,Perkuat Tools Anda
279,Populix,"Buat survei, eksperimen, dan tugas dengan mudah menggunakan tools pilihan Anda. Sambungkan ke platform kami, kelola data, dan kolaborasi tanpa hambatan di ekosistem Populix."
280,Populix,Respondent Only merupakan jasa penyedia responden untuk menjawab survei atau riset Anda.
281,Populix,Silakan hubungi tim kami untuk mengonsultasikan kebutuhan Anda. Tim kami akan melakukan pemeriksaan untuk memastikan data yang Anda butuhkan tersedia.
282,Populix,"Tidak ada minimum sampel. Namun, kami menyarankan jumlah sampel Anda proporsional dengan populasi berdasarkan kriteria untuk menghasilkan hasil survei yang ideal."
283,Populix,Solusi Survei Online Mandiri untuk Semua
284,Populix,Baru! Buat Survei dengan AI
285,Populix,Survei Pop oleh Populix
286,Populix,"Platform survei akademis dengan pencarian responden terjangkau, tercepat, dan paling bisa diandalkan untuk akademik dan bisnis."
287,Populix,Fitur Utama
288,Populix,Mengapa Peneliti Akademis Memilih PopSurvey?
289,Populix,Manfaat yang Anda dapatkan dari PopSurvey.
290,Populix,RESPONDEN TERVERIFIKASI TERBANYAK
291,Populix,"Dengan 1,000,000+ responden terverifikasi, sistem PopCheck kami memastikan penjawab asli dari beragam kriteria."
292,Populix,SURVEI SELESAI DALAM 24 JAM
293,Populix,"97.5% survei PopSurvery dijawab dalam 24 jam, kami memastikan surveimu terisi dengan cepat dan tepat."
294,Populix,SOLUSI SURVEY PALING TERJANGKAU
295,Populix,Dimulai dari harga Rp375 / jawaban dan platform yang gratis. PopSurvey jadi solusi paling terjangkau di pasaran.
296,Populix,DILENGKAPI ASISTEN RISET BERBASIS AI
297,Populix,"Asisten Riset AI kami siap membantumu mendesain, menajamkan, dan menyimpulkan survei. Sehingga mengoptimalkan kualitas penelitian."
298,Populix,Fungsi Utama
299,Populix,Dirancang untuk Berbagai Jenis Penelitian
300,Populix,"Favorit untuk penelitian akademis, namun cocok untuk semua studi"
301,Populix,Penelitian Akademis
302,Populix,"Lakukan penelitian skripsi, tesis, dan riset fakultas secara mudah, dengan data berkualitas dari PopSurvey untuk memperlancar riset dan publikasi akademismu."
303,Populix,Bisnis & Strategi
304,Populix,"Temukan wawasan yang tepat untuk mendukung keputusan bisnismu. Gunakan PopSurvey untuk market validation, campaign testing, dan pencarian wawasan."
305,Populix,Media & Jurnalisme
306,Populix,Perkaya laporan dan infografis dengan data survei real-time. Gunakan PopSurvey untuk meneliti opini publik & tren secara akurat agar kontenmu lebih berdampak.
307,Populix,Generator Ide Skripsi
308,Populix,Dapatkan ide skripsi instan dengan Generator Ide Skripsi PopSurvey.
309,Populix,Mitra Penelitian
310,Populix,Bagian dari universitas atau asosiasi akademis? Bergabunglah dengan kami sebagai Mitra Riset!
311,Populix,Cara Kerjanya
312,Populix,Cara Kerja PopSurvey
313,Populix,"Bersama PopSurvey, kamu dapat membuat dan menyebarkan survei dengan cepat, tepat, dan terjangkau"
314,Populix,1 - Pengaturan
315,Populix,"Pilih sumber pertanyaan survei (buat dari awal, dengan AI, atau impor dari Google Forms)"
316,Populix,Pilih responden dari Populix dan tentukan kriteria serta demografi yang spesifik
317,Populix,"Atau, sebarkan survei ke daftar responden milikmu sendiri"
318,Populix,2 - Buat Pertanyaan Survei
319,Populix,Rancang pertanyaan survei secara online dengan Survey Editor kami
320,Populix,Terapkan logika survei jika diperlukan
321,Populix,3 - Luncurkan Survei
322,Populix,Selesaikan pembayaran untuk mempublikasikan surveimu secara online
323,Populix,Harga
324,Populix,Cek Harga PopSurvey
325,Populix,"Jangkau 1,000,000+ responden terverifikasi dengan harga terbaik di Indonesia"
326,Populix,Mulai dari
327,Populix,Rp30.000
328,Populix,Minimum yang dibutuhkan untuk survei online
329,Populix,Temukan berbagai keuntungan dengan memanfaatkan panel survei online Populix:
330,Populix,"Kualitas data yang dapat diandalkan, berkat responden yang dipilih dengan hati-hati"
331,Populix,Akseslah beragam responden dari Populix untuk wawasan yang komprehensif
332,Populix,Kumpulkan data lebih cepat dengan respon yang lebih cepat
333,Populix,"Akses 1,000,000+ responden Indonesia dengan mudah"
334,Populix,Tersedia opsi gratis:
335,Populix,"Apakah Anda memiliki responden sendiri? Jika ya, maka Anda bisa menggunakan survei online PopSurvey secara GRATIS!"
336,Populix,Total Harga*
337,Populix,*Total Harga = Total Respon (Responden × Pertanyaan) × Harga per Pertanyaan
338,Populix,**Harga dapat berubah untuk kebutuhan yang kompleks
339,Populix,***Harga yang tertera belum termasuk PPN (11%).
340,Populix,Testimoni
341,Populix,Kisah Sukses
342,Populix,Temukan pengalaman klien kami dan bagaimana PopSurvey membantu mereka.
343,Populix,Winangsari Pradani
344,Populix,Ph.D Student - Universitas Indonesia
345,Populix,"""PopSurvey membantu saya dalam proses disertasi S3 saya di Universitas Indonesia, karena pembuatan surveinya mudah dan hasil datanya juga cepat keluar. Selain itu ragam pertanyaan yang tersedia membuat saya lebih mudah dalam membuat materi."""
346,Populix,Sulaiman Hawibowo
347,Populix,Spesialis Operasi Riset - Kuncie
348,Populix,"""Saya sangat puas menggunakan PopSurvey, selain support yang diberikan oleh tim PopSurvey, proses yang dijalankan pun sangat cepat. Apalagi harga yang dikeluarkan juga sangat terjangkau. Kriteria yang disediakan juga sangat lengkap."""
349,Populix,Anita Juliana
350,Populix,Pelaku Bisnis UMKM
351,Populix,"""Untuk memvalidasi ide baru, PopSurvey sangat membantu saya. Selain harga yang ramah untuk pebisnis pemula seperti saya, 100 responden yang saya perlukan dapat terkumpul dalam waktu 1 hari saja. Selain itu data yang disajikan juga sangat jelas."""
352,Populix,Troy Iverson
353,Populix,Mahasiswa Universitas Kristen Petra
354,Populix,"""Saya tahu PopSurvey lewat rekomendasi salah satu teman saya. Ketika saya mencobanya, saya bisa bilang kalau PopSurvey sangat bagus dan tepercaya. 200 responden yang saya butuhkan lengkap dalam waktu satu hari, pertanyaan survei lengkap, dan juga bantuan dari tim PopSurvey juga sangat cepat!"""
355,Populix,Berapa harga survei berbayar di PopSurvey?
356,Populix,Apakah responden di PopSurvey benar-benar nyata?
357,Populix,Apakah bisa target demografi tertentu?
358,Populix,Berapa lama survei berbayar di PopSurvey selesai?
359,Populix,Daftar Sekarang
360,Populix,Daftar
361,Populix,Daftar Industri & Sektor
362,Populix,Riset Pasar Berdasarkan Industri
363,Populix,Otomotif
364,Populix,"Dari adopsi EV hingga perubahan tren mobilitas, industri otomotif terus berkembang pesat. Populix menghadirkan insight yang Anda butuhkan untuk tetap unggul di pasar paling kompetitif di dunia."
365,Populix,Barang Konsumsi Cepat Saji (FMCG)
366,Populix,"Dari perubahan preferensi konsumen hingga inovasi ritel, industri FMCG terus berkembang. Populix menyediakan insight real-time untuk membantu merek beradaptasi, mengoptimalkan strategi, dan mendorong pertumbuhan di pasar yang dinamis."
367,Populix,Layanan Profesional
368,Populix,"Seiring banyaknya industri yang bertransformasi, perusahaan layanan profesional harus bisa mengantisipasi kebutuhan klien dan perubahan pasar. Populix menghadirkan insight mendalam untuk membantu bisnis menyempurnakan strategi, meningkatkan layanan, dan tetap unggul dalam persaingan."
369,Populix,Teknologi Informasi & Komputer
370,Populix,"Mulai dari transformasi digital hingga integrasi AI, sektor Teknologi adalah pembentuk masa depan. Populix menyediakan insight yang membantu perusahaan teknologi berinovasi, berkembang, dan memenuhi kebutuhan bisnis serta konsumen yang terus berubah."
371,Populix,Perusahaan Pendanaan dan Investasi
372,Populix,"Dari ekosistem startup hingga peluang di pasar yang berkembang, kesuksesan investasi bergantung pada keputusan berbasis data. Populix menyediakan insight berbasis riset terkait tren industri, penilaian risiko, dan potensi pasar untuk memaksimalkan hasil investasi."
373,Populix,Perbankan & Teknologi Finansial (Fintech)
374,Populix,"Seiring berkembangnya lanskap finansial dari perbankan tradisional hingga disrupsi fintech, wawasan pasar yang mendalam menjadi kunci. Populix memberikan insight tentang perilaku konsumen dan tren industri untuk membantu lembaga keuangan bersaing dan berinovasi."
375,Populix,Riset Kebijakan & Sosial berdasarkan Sektor
376,Populix,Institusi Pemerintahan
377,Populix,"Dari kebijakan publik hingga pembangunan ekonomi, pemerintahan yang efektif membutuhkan keputusan berbasis data. Populix menghadirkan insight terkait sentimen publik, dampak kebijakan, dan tren sosial untuk membantu pemerintah merancang strategi demi kemajuan yang berkelanjutan."
378,Populix,Organisasi Politik
379,Populix,"Dari pemilu hingga kepercayaan publik, organisasi politik membutuhkan insight yang tepat waktu untuk menciptakan resonansi dan dampak. Populix memberdayakan aktor politik dengan data sentimen pemilih, efektivitas kampanye, dan pengujian pesan untuk mendukung strategi dan komunikasi."
380,Populix,Sektor Korporasi/Swasta
381,Populix,"Dari program CSR, performa ESG, hingga budaya kerja, perusahaan harus menyelaraskan strategi dengan ekspektasi publik dan tujuan bisnis. Populix membantu perusahaan mengevaluasi kepercayaan, mengukur persepsi pemangku kepentingan, dan memastikan setiap inisiatif memberikan nilai yang terukur."
382,Populix,Media & Komunikasi
383,Populix,"Di era arus informasi yang serba cepat, organisasi media harus peka terhadap opini publik dan tren engagement audiens. Populix membantu tim media dan komunikasi mengevaluasi kredibilitas, melacak sentimen audiens, dan mengukur efektivitas strategi komunikasi."
384,Populix,Organisasi Nirlaba
385,Populix,"Dalam menjalankan program sosial dan pembangunan komunitas, organisasi nirlaba memerlukan insight yang kredibel untuk menciptakan perubahan yang bermakna. Populix menyediakan analisis terhadap kebutuhan penerima manfaat, efektivitas program, dan keterlibatan pemangku kepentingan untuk membantu organisasi meningkatkan dampak dan efisiensi kerja."
386,Populix,Tidak dapat menemukan industri Anda?
387,Populix,Temukan solusi yang sesuai di sini:
388,Populix,Bagaimana Kami Membantu
389,Populix,Solusi strategis untuk Organisasi Politik
390,Populix,Solusi
391,Populix,Jelajahi Lebih Banyak Solusi Organisasi Politik untuk Sektor Anda di Sini.
392,Populix,Solusi Terkait Organisasi Politik
393,Populix,Survei Preferensi Pemilih
394,Populix,Analisis Sentimen Publik
395,Populix,Pengujian Pesan (Survei Cepat)
396,Populix,Tinjauan & Feedback Kebijakan
397,Populix,Survei Isu Tertentu
398,Populix,Analisis Konten
399,Populix,Solusi strategis untuk Institusi Pemerintahan
400,Populix,Jelajahi Lebih Banyak Solusi Institusi Pemerintahan untuk Sektor Anda di Sini.
401,Populix,Solusi Terkait Institusi Pemerintahan
402,Populix,Pemetaan / Analisis Pemangku Kepentingan
403,Populix,Survei Insight Media Sosial Terintegrasi
404,Populix,Riset Dampak & Evaluasi
405,Populix,Survei Kepuasan Publik
406,Populix,Riset Keberlanjutan / ESG
407,Populix,Analisis Biaya-Manfaat
408,Populix,Solusi strategis untuk Media & Komunikasi
409,Populix,Jelajahi Lebih Banyak Solusi Media & Komunikasi untuk Sektor Anda di Sini.
410,Populix,Solusi Terkait Media & Komunikasi
411,Populix,Kehadiran Media (Media Presence)
412,Populix,Industri
413,Populix,Solusi strategis untuk Otomotif
414,Populix,Jelajahi Lebih Banyak Solusi Otomotif untuk Sektor Anda di Sini.
415,Populix,Solusi Terkait Otomotif
416,Populix,"Studi Persepsi, Penggunaan & Sikap Konsumen"
417,Populix,Pemahaman Pasar
418,Populix,Riset Segmentasi & Pengembangan Persona
419,Populix,Uji Produk
420,Populix,Uji Konsep
421,Populix,Uji Kegunaan
422,Populix,"Studi Posisi, Persepsi, dan Citra Brand"
423,Populix,Pelajari Perilaku & Perjalanan Pelanggan
424,Populix,Studi Kepuasan Pelanggan
425,Populix,Analisis Net Promoter Score (NPS)
426,Populix,"Studi Posisi, Persepsi, dan Citra Merek"
427,Populix,Pelacakan Kesehatan Merek
428,Populix,Solusi strategis untuk Barang Konsumsi Cepat Saji (FMCG)
429,Populix,Jelajahi Lebih Banyak Solusi Barang Konsumsi Cepat Saji (FMCG) untuk Sektor Anda di Sini.
430,Populix,Solusi Terkait Barang Konsumsi Cepat Saji (FMCG)
431,Populix,Studi Misteri Belanja
432,Populix,"Studi Positioning, Persepsi, dan Citra Brand"
433,Populix,Pemeriksaan Penerimaan
434,Populix,Solusi strategis untuk Layanan Profesional
435,Populix,Jelajahi Lebih Banyak Solusi Layanan Profesional untuk Sektor Anda di Sini.
436,Populix,Solusi Terkait Layanan Profesional
437,Populix,Pengembangan Segmentasi dan Persona Pelanggan
438,Populix,Proposisi Nilai Riset
439,Populix,Penentuan Posisi Merek
440,Populix,"Persepsi, dan Studi Citra"
441,Populix,Solusi strategis untuk Teknologi Informasi & Komputer
442,Populix,Jelajahi Lebih Banyak Solusi Teknologi Informasi & Komputer untuk Sektor Anda di Sini.
443,Populix,Solusi Terkait Teknologi Informasi & Komputer
444,Populix,Proposisi Nilai Studi
445,Populix,Solusi strategis untuk Perusahaan Pendanaan dan Investasi
446,Populix,Jelajahi Lebih Banyak Solusi Perusahaan Pendanaan dan Investasi untuk Sektor Anda di Sini.
447,Populix,Solusi Terkait Perusahaan Pendanaan dan Investasi
448,Populix,Penilaian Pasar
449,Populix,Solusi strategis untuk Perbankan & Teknologi Finansial (Fintech)
450,Populix,Jelajahi Lebih Banyak Solusi Perbankan & Teknologi Finansial (Fintech) untuk Sektor Anda di Sini.
451,Populix,Solusi Terkait Perbankan & Teknologi Finansial (Fintech)
452,Populix,Solusi User Loyalty dan Reward Program
453,Populix,Libatkan dan Beri Hadiah Pengguna Anda Bersama Kami!
454,Populix,"Bergabunglah dengan kami untuk memberikan survei menarik dan pengalaman berhadiah bagi pengguna Anda, sambil mendapatkan wawasan berharga untuk bisnis Anda."
455,Populix,Pasar Survei Populix
456,Populix,"Platform marketplace survei terbaru kami dirancang untuk terintegrasi dengan mudah dalam ekosistem Anda. Dengan bermitra dengan kami, Anda bisa menawarkan peluang survei menarik untuk pengguna Anda, menjaga keterlibatan mereka, dan memberikan hadiah atas partisipasi mereka."
457,Populix,Kenapa Bermitra dengan Kami?
458,Populix,Berikut manfaat yang Anda dapatkan dari bermitra dengan Respondent Services kami
459,Populix,Integrasikan ke Aplikasi Anda
460,Populix,Promosikan sebagai Aktivitas Baru
461,Populix,Tingkatkan Keterlibatan Pengguna
462,Populix,Jaga pengguna Anda tetap aktif dengan berbagai peluang survei berhadiah tanpa biaya.
463,Populix,Tingkatkan Kepuasan Pengguna
464,Populix,Perkuat loyalitas pengguna dengan usaha minimal dari pihak Anda.
465,Populix,Integrasi Fleksibel
466,Populix,Integrasikan dengan mudah ke ekosistem Anda melalui API atau redirect link.
467,Populix,Wawasan Berharga
468,Populix,Akses data teragregasi dari demografi dan aktivitas pengguna.
469,Populix,Monetisasi Keterlibatan
470,Populix,Ubah aktivitas pengguna menjadi pendapatan dengan menawarkan survei dan mendapatkan komisi.
471,Populix,Model Kemitraan
472,Populix,Bermitra dengan kami untuk survei yang menarik dan wawasan berharga bagi bisnis Anda.
473,Populix,Fiture Dasar
474,Populix,Akses Survei Terpilih
475,Populix,Bergabung dengan Survei
476,Populix,Manajemen Profil
477,Populix,Manajemen Hadiah
478,Populix,Pusat FAQ & Bantuan
479,Populix,Integrasi akun yang aman & login Instan.
480,Populix,Konversikan hadiah sesuai dengan sistem yang Anda punya
481,Populix,Logo dinding survei white label
482,Populix,Apakah integrasi API diperlukan untuk kemitraan?
483,Populix,Bisakah Populix mengakses data pengguna saya?
484,Populix,Dari mana asalnya survei?
